date,S,open,high,low,close,ret_cc,range_pct,gex_net_usd,gex_call_usd,gex_put_usd,gex_le30d_share,n_contracts,oi_total,oi_solved_share,flip_level,wall_pos_strike,wall_neg_strike,regime
2023-09-15,443.37,447.09,447.48,442.92,443.37,-0.015642627,0.010125233,-1.0893277e+10,7.2922683e+09,-1.8185546e+10,0.4890915,1941,10338219,1,452.01018,455,440,-1
2023-09-18,443.63,443,444.97,442.56,443.63,0.00058624579,0.0054356407,-8.6973668e+09,9.5131711e+09,-1.8210538e+10,0.51071848,1926,10773009,1,450.42526,455,440,-1
2023-09-19,442.71,442.71,443.29,439.94,442.71,-0.0020759535,0.0075513378,-1.0053071e+10,9.1534849e+09,-1.9206556e+10,0.50444464,1990,10985330,1,450.28689,455,440,-1
2023-09-20,438.64,444.02,444.435,438.43,438.64,-0.009235897,0.013564184,-1.2346738e+10,8.4099632e+09,-2.0756702e+10,0.74263998,2200,11172373,0.99995552,448.95395,455,440,-1
2023-09-21,431.39,435.71,435.97,431.23,431.39,-0.016666478,0.010806128,-1.5718416e+10,6.0172448e+09,-2.1735661e+10,0.68150551,2371,12341244,0.99998258,449.55218,455,430,-1
2023-09-22,430.42,432.49,434.1,429.99,430.42,-0.0022510772,0.0095273418,-1.191182e+10,6.7750177e+09,-1.8686838e+10,0.64494151,2109,11319038,1,444.69247,450,430,-1
2023-09-25,432.23,429.18,432.27,428.72,432.23,0.0041963778,0.008247758,-1.2132402e+10,8.293097e+09,-2.0425499e+10,0.6708368,2112,11896276,1,445.74793,450,430,-1
2023-09-26,425.88,429.06,429.82,425.02,425.88,-0.014800238,0.011105199,-1.4507117e+10,6.073393e+09,-2.058051e+10,0.65734262,2121,11658866,1,441.27647,450,430,-1
2023-09-27,426.05,426.95,427.67,422.29,426.05,0.00039909383,0.012632666,-1.3344614e+10,7.6121197e+09,-2.0956734e+10,0.68325957,2191,12056953,1,439.59671,450,425,-1
2023-09-28,428.52,425.5,430.2499,424.87,428.52,0.0057807011,0.012627391,-1.1149202e+10,1.035446e+10,-2.1503662e+10,0.69791143,2472,12726023,0.99998711,442.06421,432,425,-1
2023-09-29,427.48,431.6,431.85,425.91,427.48,-0.0024299077,0.013861663,-9.3814941e+09,8.0533309e+09,-1.7434825e+10,0.61647339,2332,11465591,0.99999817,441.36466,450,425,-1
2023-10-02,427.31,426.63,428.6,424.46,427.31,-0.00039775852,0.0096846636,-1.0268002e+10,8.3299021e+09,-1.8597904e+10,0.62454636,2324,11750861,1,440.15437,450,425,-1
2023-10-03,421.59,425.04,426.65,420.18,421.59,-0.013476467,0.015141232,-1.2623154e+10,6.5464001e+09,-1.9169554e+10,0.6188001,2286,11703889,1,437.02173,460,420,-1
2023-10-04,424.66,422.06,425.4299,420.56,424.66,0.007255571,0.01155127,-9.8294528e+09,9.5117645e+09,-1.9341217e+10,0.64279013,2496,12346642,0.99997368,437.458,455,420,-1
2023-10-05,424.5,424.34,425.37,421.1701,424.5,-0.000376843,0.0098900297,-9.9023696e+09,9.5798871e+09,-1.9482257e+10,0.63692242,2514,12445856,0.99986751,437.23027,455,420,-1
2023-10-06,429.54,422.01,431.125,420.6,429.54,0.011802863,0.024793875,-5.9349773e+09,9.9650011e+09,-1.5899978e+10,0.57467743,2416,11869855,1,438.47978,455,425,-1
2023-10-09,432.29,427.54,432.88,427.0101,432.29,0.0063817907,0.013665549,-4.8744332e+09,1.0916322e+10,-1.5790755e+10,0.57576935,2412,12235606,1,438.9276,450,425,-1
2023-10-10,434.54,432.99,437.22,432.53,434.54,0.005191341,0.010849198,-3.5114793e+09,1.2118268e+10,-1.5629747e+10,0.57396157,2408,12606912,1,438.9125,450,425,-1
2023-10-11,436.32,435.75,436.58,433.18,436.32,0.0040879188,0.007824366,-4.1589697e+09,1.2611963e+10,-1.6770933e+10,0.59069627,2349,13208902,1,439.86353,445,425,-1
2023-10-12,433.66,437,437.335,431.23,433.66,-0.0061151022,0.013992024,-6.2687616e+09,1.3065397e+10,-1.9334158e+10,0.6203206,2274,13290151,1,438.55088,445,425,-1
2023-10-13,431.5,435.2,436.45,429.88,431.5,-0.0049933064,0.015150118,-7.0152255e+09,1.1030972e+10,-1.8046198e+10,0.57767971,2324,12861680,0.99696836,438.68485,440,425,-1
2023-10-16,436.04,433.81,437.14,433.57,436.04,0.010466472,0.0082734647,-3.2873614e+09,1.3503349e+10,-1.6790711e+10,0.56935067,2414,13205596,1,438.91076,445,425,-1
2023-10-17,436.02,432.86,438.14,432.45,436.02,-4.5868404e-05,0.013049262,-4.004839e+09,1.35611e+10,-1.7565939e+10,0.56643101,2444,13754988,0.99264231,439.05793,440,425,-1
2023-10-18,430.21,434.21,435.18,429.09,430.21,-0.013414652,0.013967249,-1.0038813e+10,1.0771071e+10,-2.0809885e+10,0.76574939,2357,13690680,1,436.42387,440,425,-1
2023-10-19,426.43,430.89,432.82,425.725,426.43,-0.0088252347,0.016491946,-1.278612e+10,9.7059486e+09,-2.2492069e+10,0.76216331,2594,14156231,0.99994624,436.091,440,420,-1
2023-10-20,421.19,425.87,426.54,421.08,421.19,-0.012364189,0.012803977,-9.694868e+09,6.262538e+09,-1.5957406e+10,0.64813434,2584,11966736,0.99998838,437.55896,440,420,-1
2023-10-23,420.46,419.58,424.45,417.8,420.46,-0.0017346883,0.015788599,-9.9411077e+09,6.7562889e+09,-1.6697397e+10,0.65648074,2289,11676218,1,432.84467,440,420,-1
2023-10-24,423.63,422.6,424.82,420.74,423.63,0.0075110827,0.0097036579,-8.1386136e+09,8.9650545e+09,-1.7103668e+10,0.67268573,2406,12266105,1,432.93972,440,420,-1
2023-10-25,417.55,421.92,421.92,417.015,417.55,-0.014456135,0.0115785,-1.1043371e+10,6.5347504e+09,-1.7578121e+10,0.67560823,2382,11946962,1,429.31749,440,420,-1
2023-10-26,412.55,416.4,417.325,411.6,412.55,-0.012046887,0.013710933,-1.2119193e+10,5.6193116e+09,-1.7738505e+10,0.66467665,2291,11563815,1,425.51523,440,410,-1
2023-10-27,410.68,414.17,414.6,409.21,410.68,-0.0045430881,0.013065083,-1.0965186e+10,5.604339e+09,-1.6569525e+10,0.62995855,2740,11693947,0.99996323,430.3863,440,410,-1
2023-10-30,415.59,413.58,416.68,412.22,415.59,0.011884875,0.010860037,-8.2445178e+09,8.3810343e+09,-1.6625552e+10,0.64940547,2584,11962936,1,428.30444,440,410,-1
2023-10-31,418.2,416.25,418.53,414.21,418.2,0.0062605897,0.01039486,-6.8915295e+09,9.4288246e+09,-1.6320354e+10,0.63729623,2523,12749672,0.99963748,428.62219,440,410,-1
2023-11-01,422.66,419.19,423.5,418.6499,422.66,0.010608286,0.011597561,-4.6448316e+09,1.0734698e+10,-1.5379529e+10,0.64930604,2615,12821386,0.99982178,429.09155,440,410,-1
2023-11-02,430.76,426.56,430.915,426.56,430.76,0.018983017,0.01030379,7.6714707e+08,1.270577e+10,-1.1938623e+10,0.62158325,2479,12772021,0.99637332,429.75324,430,400,1
2023-11-03,434.69,433.09,436.29,433.01,434.69,0.0090820429,0.0076144489,1.0151489e+09,1.2115934e+10,-1.1100786e+10,0.58461014,2628,12182806,1,433.44762,440,420,1
2023-11-06,435.69,435.46,436.1498,433.68,435.69,0.0022978479,0.0056817502,-3.5272503e+08,1.3096335e+10,-1.344906e+10,0.61763053,2559,12820872,0.99575162,436.00114,440,420,-1
2023-11-07,436.93,435.69,437.585,434.51,436.93,0.0028420179,0.0070577704,3.6836538e+08,1.4125617e+10,-1.3757251e+10,0.61905569,2672,13156671,0.99933547,436.66292,440,430,1
2023-11-08,437.25,437.49,438.09,434.87,437.25,0.0007321147,0.0073696015,-4.3090417e+08,1.4294359e+10,-1.4725263e+10,0.62823893,2463,13327242,0.99620882,437.55934,440,430,-1
2023-11-09,433.84,438.35,438.47,433.4,433.84,-0.0078293114,0.011595197,-6.0680914e+09,1.3594714e+10,-1.9662805e+10,0.66379511,2498,13536064,1,437.13957,440,430,-1
2023-11-10,440.61,435.87,440.93,434.43,440.61,0.015484328,0.014982482,4.2248301e+09,1.5598543e+10,-1.1373712e+10,0.57944439,2456,12883943,1,437.6014,443,420,1
2023-11-13,440.19,439.19,441.33,438.42,440.19,-0.00095367855,0.0066044802,1.817404e+09,1.460462e+10,-1.2787216e+10,0.57407104,2361,13095354,1,438.76054,440,420,1
2023-11-14,448.73,446.23,450.06,446.09,448.73,0.019214919,0.0090188328,7.8321299e+09,1.5623491e+10,-7.7913613e+09,0.52409814,2388,13117650,1,441.05185,450,420,1
2023-11-15,449.68,450.1,451.38,448.8,449.68,0.0021148481,0.0057495599,4.3742464e+09,1.4922339e+10,-1.0548092e+10,0.77576225,2065,12909790,0.98424676,446.86566,450,420,1
2023-11-16,450.23,449.23,450.56,448.12,450.23,0.0012223446,0.0054260808,4.6049322e+09,1.7320706e+10,-1.2715774e+10,0.74967556,2520,13883776,0.99584659,446.86628,450,420,1
2023-11-17,450.79,450.19,451.42,449.29,450.79,0.0012430358,0.0047309153,2.539823e+09,1.3216254e+10,-1.0676431e+10,0.67725811,2271,11554621,0.98782478,448.29218,460,420,1
2023-11-20,454.26,450.58,455.125,450.52,454.26,0.0076681222,0.0102154,5.2316686e+09,1.4516223e+10,-9.2845541e+09,0.6771319,2094,11768952,0.98433633,449.74818,460,420,1
2023-11-21,453.27,453.15,453.65,451.9599,453.27,-0.0021817469,0.0037205565,1.5898415e+09,1.4738278e+10,-1.3148436e+10,0.70340388,2192,12359361,0.97997121,452.19395,455,449,1
2023-11-22,455.02,454.89,456.38,453.8895,455.02,0.0038533996,0.0054945176,4.8584241e+09,1.6265395e+10,-1.1406971e+10,0.71228179,2307,12168871,0.99157679,452.45998,455,449,1
2023-11-24,455.3,455.04,455.5,454.73,455.3,0.00061516831,0.0016922333,3.5485551e+09,1.5140268e+10,-1.1591713e+10,0.68803683,2336,11835789,0.98955794,452.78794,460,449,1
2023-11-27,454.48,454.65,455.4901,454.0799,454.48,-0.0018026341,0.0030972985,2.0943349e+09,1.4814086e+10,-1.2719751e+10,0.68287711,2568,11878582,0.9972192,452.80983,460,450,1
2023-11-28,454.93,454.11,456.27,453.5,454.93,0.00098965271,0.0060948777,1.6191753e+09,1.5816904e+10,-1.4197728e+10,0.69379227,2677,12256468,0.99720768,453.93226,460,450,1
2023-11-29,454.61,457.14,458.32,454.2,454.61,-0.00070365242,0.0090563383,-2.5876664e+08,1.5751149e+10,-1.6009916e+10,0.75547266,2833,12675531,0.99885733,454.7674,460,450,-1
2023-11-30,456.4,455.47,456.76,453.34,456.4,0.0039297095,0.0075229317,3.2970988e+09,1.7469137e+10,-1.4172038e+10,0.75236462,2585,12496475,0.97575316,454.25898,460,450,1
2023-12-01,459.1,455.73,459.65,455.16,459.1,0.0058984333,0.0098378615,4.4154834e+09,1.5566527e+10,-1.1151044e+10,0.70480448,2803,12499940,0.9838704,454.96783,460,450,1
2023-12-04,456.69,455.6,456.937,454.34,456.69,-0.0052632275,0.0056567197,1.5501689e+09,1.6540496e+10,-1.4990327e+10,0.73298995,2499,13095143,0.94532942,455.58119,460,450,1
2023-12-05,456.6,455.28,457.59,454.87,456.6,-0.00019708964,0.0059559001,2.5345392e+09,1.8136411e+10,-1.5601872e+10,0.73432588,2928,13471077,0.98533161,455.02989,460,450,1
2023-12-06,454.76,458.76,458.84,454.31,454.76,-0.0040379268,0.0099211564,-8.8031779e+08,1.7795324e+10,-1.8675641e+10,0.74865065,2946,14151039,0.98413615,455.2899,460,450,-1
2023-12-07,458.23,456.77,458.9,456.29,458.23,0.0076014342,0.0057392911,4.4635078e+09,2.0058418e+10,-1.559491e+10,0.74470494,2598,14170480,0.94696044,455.74637,460,450,1
2023-12-08,460.2,457.43,460.745,457.21,460.2,0.0042899361,0.0077144665,3.9973835e+09,1.6770569e+10,-1.2773186e+10,0.68198418,2533,13641386,0.9200774,457.36114,460,450,1
2023-12-11,461.99,459.71,462.17,459.47,461.99,0.0038820682,0.0058670143,5.5474161e+09,1.7977582e+10,-1.2430166e+10,0.68440743,2597,13964515,0.95845441,457.33529,460,450,1
2023-12-12,464.1,461.61,464.2,460.6,464.1,0.0045568004,0.0077923765,8.4862439e+09,2.0800141e+10,-1.2313897e+10,0.69725868,2807,14298533,0.96882233,458.87324,465,450,1
2023-12-13,470.5,464.47,470.7599,464.12,470.5,0.013695913,0.014307046,1.2453871e+10,2.0968131e+10,-8.5142601e+09,0.69122355,2673,14525367,0.93733666,461.39176,470,450,1
2023-12-14,472.01,472.5,473.73,469.25,472.01,0.0032042128,0.0095217853,9.1464931e+09,1.8280289e+10,-9.1337963e+09,0.65361347,2367,12487789,0.95270172,468.72891,475,450,1
2023-12-15,469.33,469.6,470.7,468.44,469.33,-0.005694026,0.0047880342,2.7954018e+09,1.3967976e+10,-1.1172575e+10,0.57803133,2553,9999401,1,467.43313,475,467,1
2023-12-18,471.97,470.95,472.98,470.8,471.97,0.0056092785,0.0046449194,8.245752e+09,1.8720038e+10,-1.0474286e+10,0.62411964,2528,10551036,0.99994351,467.47149,475,450,1
2023-12-19,474.84,472.45,474.92,472.45,474.84,0.0060624809,0.0052333835,1.0702602e+10,2.0769971e+10,-1.0067369e+10,0.63912062,2547,11275176,0.99962138,469.78204,475,450,1
2023-12-20,468.26,473.92,475.895,467.82,468.26,-0.013954208,0.017005728,-1.5324999e+09,1.5196698e+10,-1.6729198e+10,0.7813737,2622,11756898,0.99982393,469.12055,475,465,-1
2023-12-21,472.7,470.98,472.975,468.84,472.7,0.0094372406,0.0088305642,5.6906488e+09,2.0997446e+10,-1.5306797e+10,0.80047982,2692,12293781,0.99999699,470.08685,475,450,1
2023-12-22,473.65,473.77,475.38,471.7,473.65,0.0020077145,0.0077850645,5.8925203e+09,1.8503011e+10,-1.2610491e+10,0.75181461,2501,11351587,0.99621216,470.05048,475,450,1
2023-12-26,475.65,474.12,476.58,473.99,475.65,0.0042136373,0.0054681727,7.235097e+09,1.9916264e+10,-1.2681167e+10,0.76219927,2604,11371679,1,471.44474,480,450,1
2023-12-27,476.51,475.43,476.66,474.89,476.51,0.0018064196,0.0037212236,6.6356253e+09,2.0237574e+10,-1.3601949e+10,0.77812485,2606,11326940,1,473.01996,480,450,1
2023-12-28,476.69,476.81,477.55,476.26,476.69,0.0003776752,0.0027071835,8.1635665e+09,2.2158563e+10,-1.3994996e+10,0.78124981,2618,11358725,1,472.87001,480,450,1
2023-12-29,475.31,476.47,477.03,473.3,475.31,-0.0028991617,0.0078247918,2.0406907e+09,1.5602847e+10,-1.3562156e+10,0.70174426,2463,10340345,0.99437978,473.81814,480,450,1
2024-01-02,472.65,472.21,473.67,470.49,472.65,-0.0056120659,0.0066903705,-1.5792548e+09,1.4261763e+10,-1.5841018e+10,0.71945447,2870,10898640,1,473.80462,480,465,-1
2024-01-03,468.79,470.5,471.19,468.17,468.79,-0.0082002499,0.006389506,-5.2040363e+09,1.282096e+10,-1.8024996e+10,0.71437146,2853,11209883,1,472.91753,480,465,-1
2024-01-04,467.28,468.35,470.96,467.05,467.28,-0.0032262572,0.0083406216,-5.3124156e+09,1.3082739e+10,-1.8395154e+10,0.70314615,2677,11366409,0.99808048,471.1582,480,465,-1
2024-01-05,467.92,467.44,470.44,466.43,467.92,0.0013686914,0.0085815785,-3.992483e+09,1.2982704e+10,-1.6975187e+10,0.67514253,2573,10954437,1,471.10597,480,465,-1
2024-01-08,474.6,468.38,474.75,468.3,474.6,0.014175003,0.013784408,2.7804672e+09,1.6183198e+10,-1.340273e+10,0.68420601,2616,11852927,0.9989989,472.45045,480,465,1
2024-01-09,473.88,471.88,474.93,471.35,473.88,-0.0015182189,0.0075431943,-1.5530362e+08,1.6550126e+10,-1.670543e+10,0.68737919,2593,13051546,0.99976807,473.97869,480,465,-1
2024-01-10,476.56,474.18,477.4481,473.87,476.56,0.0056395082,0.0075506457,2.8490062e+09,1.7008366e+10,-1.415936e+10,0.68650047,2628,13045835,1,474.45443,480,450,1
2024-01-11,476.35,477.53,478.12,472.26,476.35,-0.00044075517,0.012296458,2.2024627e+09,1.8479611e+10,-1.6277148e+10,0.69890839,2709,13333788,0.99809724,475.13819,480,465,1
2024-01-12,476.68,477.82,478.6,475.23,476.68,0.00069252807,0.00707463,1.1036224e+09,1.6278142e+10,-1.5174519e+10,0.65723569,2669,12898504,0.94092377,475.97046,480,450,1
2024-01-16,474.93,475.25,476.6098,473.06,474.93,-0.0036779815,0.0074469246,-2.1259141e+09,1.6299059e+10,-1.8424973e+10,0.66044598,2766,13082097,1,476.15895,480,470,-1
2024-01-17,472.29,471.87,472.79,469.87,472.29,-0.0055742211,0.0061482745,-6.3379688e+09,1.4752954e+10,-2.1090922e+10,0.80188818,2783,13057342,0.96043314,475.89882,480,472,-1
2024-01-18,476.49,473.95,477.06,472.42,476.49,0.0088535328,0.0098244723,2.4161578e+09,1.8891735e+10,-1.6475577e+10,0.7913368,2752,11574227,0.99839298,475.39641,480,470,1
2024-01-19,482.43,477.7,482.72,476.94,482.43,0.012389096,0.01213037,3.5100025e+09,1.2751538e+10,-9.2415359e+09,0.6765209,2746,10185105,0.99867061,477.84548,480,450,1
2024-01-22,483.45,484,485.22,482.78,483.45,0.0021120644,0.0050577286,3.2179529e+09,1.4244131e+10,-1.1026178e+10,0.69895557,2741,10952322,0.99784347,480.49079,485,470,1
2024-01-23,484.86,484.07,485.105,482.89,484.86,0.0029122925,0.0045816527,3.4302498e+09,1.59521e+10,-1.252185e+10,0.72489342,2817,11189623,1,482.33508,490,470,1
2024-01-24,485.39,487.77,488.77,485.01,485.39,0.001092502,0.0077548158,3.4583188e+09,1.602725e+10,-1.2568931e+10,0.72703007,2666,11801908,0.99429957,482.59249,490,470,1
2024-01-25,488.03,487.52,488.305,485.39,488.03,0.0054241879,0.0060054801,3.4038983e+09,1.7080334e+10,-1.3676436e+10,0.73448831,2721,12542975,0.9916814,485.6216,490,470,1
2024-01-26,487.41,487.55,489.12,486.54,487.41,-0.0012712214,0.0052865603,1.4940861e+09,1.5684092e+10,-1.4190006e+10,0.71116902,2816,12459910,0.99190684,486.28657,490,475,1
2024-01-29,491.27,487.68,491.415,487.17,491.27,0.0078882168,0.0087093002,3.4431028e+09,1.4976909e+10,-1.1533806e+10,0.67944119,2709,12517527,0.99698511,488.30647,495,470,1
2024-01-30,490.89,490.52,491.62,490.11,490.89,-0.00077380471,0.0030736662,2.2494885e+09,1.4761839e+10,-1.2512351e+10,0.70363172,2705,12580410,0.9967792,488.82449,495,480,1
2024-01-31,482.88,488.65,489.0813,482.88,482.88,-0.016451895,0.012632769,-7.3071406e+09,1.1944342e+10,-1.9251483e+10,0.71053246,2706,12574666,1,488.43425,495,480,-1
2024-02-01,489.2,484.6,489.23,483.8,489.2,0.013003228,0.01124503,-7.4593165e+08,1.4353188e+10,-1.509912e+10,0.70394482,2999,12595017,1,489.68076,495,480,-1
2024-02-02,494.35,489.62,496.05,489.3,494.35,0.010472365,0.013798038,4.1585297e+09,1.4469155e+10,-1.0310625e+10,0.66146314,2995,12054427,0.99772963,489.82172,495,470,1
2024-02-05,492.55,493.65,494.17,490.23,492.55,-0.00364779,0.0079700617,2.1143287e+09,1.6918767e+10,-1.4804438e+10,0.70068459,3027,13318532,0.99742697,491.16675,495,470,1
2024-02-06,493.98,493.5,494.32,492.05,493.98,0.0028990522,0.0046086692,3.5640252e+09,1.8052476e+10,-1.448845e+10,0.70183213,2762,12983333,0.97730244,491.85988,495,489,1
2024-02-07,498.1,496.24,498.53,495.36,498.1,0.0083058295,0.0064172639,6.4657247e+09,1.741897e+10,-1.0953245e+10,0.70007158,2964,13068047,0.99999151,492.55853,500,470,1
2024-02-08,498.32,498.1,498.71,497.26,498.32,0.00044158087,0.002911062,3.9315285e+09,1.7847729e+10,-1.39162e+10,0.70690244,3023,13766348,0.9994366,495.39515,500,470,1
2024-02-09,501.2,498.85,501.65,498.49,501.2,0.0057627821,0.0063413068,4.2545854e+09,1.5350213e+10,-1.1095627e+10,0.66182355,3011,13059489,0.99749163,496.75111,500,470,1
2024-02-12,500.98,501.2,503.5,500.24,500.98,-0.00043904289,0.0065043895,1.565057e+09,1.4899317e+10,-1.3334261e+10,0.66081356,2707,12944470,0.98435054,499.354,504,490,1
2024-02-13,494.08,494.57,495.85,490.715,494.08,-0.013868733,0.01024991,-4.2763639e+09,1.6444839e+10,-2.0721203e+10,0.68573803,3207,14662766,0.99999918,497.56253,502,490,-1
2024-02-14,498.57,496.7,499.07,494.4,498.57,0.0090465534,0.0094519106,3.9566154e+09,2.0444739e+10,-1.6488124e+10,0.84998238,3019,14656851,1,495.91472,500,470,1
2024-02-15,502.01,499.32,502.2,498.795,502.01,0.006876039,0.0068295325,7.7968263e+09,2.149311e+10,-1.3696284e+10,0.84322508,2986,14147919,0.99999986,496.81049,500,470,1
2024-02-16,499.51,501.64,502.87,498.75,499.51,-0.0049924219,0.0082070078,6.7121253e+08,1.4958252e+10,-1.428704e+10,0.79076832,2515,12389984,0.98645357,498.8693,500,490,1
2024-02-20,496.76,497.69,498.41,494.45,496.76,-0.0055206058,0.0079277692,-2.6775863e+09,1.4176583e+10,-1.6854169e+10,0.78772751,2443,12701872,0.99307472,499.09001,500,490,-1
2024-02-21,497.21,495.5,497.37,493.56,497.21,0.00090545999,0.0076696997,-8.6792832e+08,1.623413e+10,-1.7102058e+10,0.81344284,2510,12894247,0.99739969,497.84877,500,490,-1
2024-02-22,507.5,503.94,508.49,503.02,507.5,0.020484239,0.011001388,6.7321092e+09,1.6632982e+10,-9.9008727e+09,0.72745133,2669,13166256,0.98215871,501.77496,508,490,1
2024-02-23,507.85,509.23,510.13,507.1,507.85,0.00068941747,0.0059704433,3.7301486e+09,1.6156827e+10,-1.2426679e+10,0.72242739,2748,13586706,0.98249539,504.31212,508,495,1
2024-02-26,505.99,508.33,508.75,505.86,505.99,-0.0036692221,0.0056906567,9.034853e+08,1.7544476e+10,-1.6640991e+10,0.74512696,3007,14216349,0.99487266,505.26606,508,495,1
2024-02-27,506.93,506.7,507.16,504.75,506.93,0.0018560208,0.00476294,1.2092738e+09,1.830566e+10,-1.7096386e+10,0.79648514,3025,14034497,0.99999993,506.18215,510,503,1
2024-02-28,506.26,505.35,506.855,504.96,506.26,-0.0013225557,0.0037381887,-71941652,1.7284577e+10,-1.7356519e+10,0.77656756,2587,13644483,0.94322306,506.3017,508,500,-1
2024-02-29,508.08,507.99,509.74,505.35,508.08,0.0035885442,0.0086714337,3.7020913e+09,2.0421151e+10,-1.671906e+10,0.77891413,3198,13820342,0.99835438,506.40545,508,503,1
2024-03-01,512.85,508.95,513.29,508.56,512.85,0.0093444893,0.0093095575,4.3686122e+09,1.4627314e+10,-1.0258702e+10,0.68085295,2711,12359400,0.95602537,508.84757,515,500,1
2024-03-04,512.3,512.06,514.2,512,512.3,-0.0010730138,0.0042897533,7.5015186e+08,1.6051947e+10,-1.5301795e+10,0.71980984,2951,14383670,0.97675607,511.78838,515,509,1
2024-03-05,507.18,510.3,510.7,504.91,507.18,-0.010044421,0.011301972,-6.0044262e+09,1.4773982e+10,-2.0778408e+10,0.72939068,3376,14690125,0.99997951,511.71861,515,509,-1
2024-03-06,509.75,510.54,512.069,508.42,509.75,0.0050544393,0.0071946843,-1.9436209e+08,1.7158873e+10,-1.7353235e+10,0.74139733,3254,14604502,0.99398028,509.90536,515,500,-1
2024-03-07,514.81,513.04,515.89,512.18,514.81,0.0098774911,0.0072780775,3.9315475e+09,1.7211051e+10,-1.3279503e+10,0.71856464,2762,13782272,0.94686928,511.48043,515,500,1
2024-03-08,511.72,515.5,518.2201,511.13,511.72,-0.0060203001,0.013772265,-1.7065584e+08,1.5196446e+10,-1.5367101e+10,0.69024648,3300,14299396,0.99986244,511.88195,515,490,-1
2024-03-11,511.28,510.47,511.88,508.5,511.28,-0.00086021511,0.0066051747,3.9702239e+08,1.608596e+10,-1.5688938e+10,0.67969819,3292,15261624,0.99173915,510.92086,520,500,1
2024-03-12,516.78,513.41,517.38,510.86,516.78,0.010699867,0.012752308,8.3244663e+09,2.0660661e+10,-1.2336195e+10,0.70687231,3131,14592574,0.98560213,511.48283,520,500,1
2024-03-13,515.97,517.09,517.29,514.49,515.97,-0.0015686278,0.0054181663,5.208671e+09,2.0419038e+10,-1.5210367e+10,0.72276284,3189,14448986,0.98831994,513.03922,520,500,1
2024-03-14,514.95,516.96,517.125,511.82,514.95,-0.0019788157,0.010281606,3.2152408e+09,1.9138184e+10,-1.5922944e+10,0.7020963,2748,12806503,0.99250217,513.87069,515,510,1
2024-03-15,509.83,510.22,511.7,508.36,509.83,-0.0099924718,0.0064860666,-5.4388602e+09,1.057476e+10,-1.601362e+10,0.56013586,2849,11354020,1,514.38594,520,500,-1
2024-03-18,512.86,514.04,515.48,512.44,512.86,0.0059255666,0.0059627719,-1.8226916e+09,1.2770119e+10,-1.459281e+10,0.57015722,2831,11033306,1,514.37365,520,500,-1
2024-03-19,515.71,512.14,515.995,511.12,515.71,0.0055416885,0.0095055181,-6.7106264e+08,1.4227004e+10,-1.4898067e+10,0.59275093,2818,11193821,0.99997981,516.24782,520,511,-1
2024-03-20,520.48,515.8,520.62,515.08,520.48,0.0092068707,0.010742472,2.9505332e+09,1.4568342e+10,-1.1617808e+10,0.74596534,2636,11095045,1,518.55593,520,512,1
2024-03-21,522.2,523.33,524.11,521.91,522.2,0.0032991935,0.0042268675,4.9622311e+09,1.7135485e+10,-1.2173254e+10,0.74040867,2861,11596480,1,519.72112,525,500,1
2024-03-22,521.21,522.12,522.605,520.97,521.21,-0.0018976247,0.0031309843,-3.4755164e+08,1.4023652e+10,-1.4371203e+10,0.70935223,2885,10961803,0.99909759,521.45154,525,500,-1
2024-03-25,519.77,519.81,520.95,519.61,519.77,-0.0027666255,0.0025709407,-2.0281103e+09,1.5176542e+10,-1.7204653e+10,0.72253186,2804,11301870,1,520.93711,522,515,-1
2024-03-26,518.81,521.22,521.58,518.4,518.81,-0.0018486785,0.0061180907,-3.5529767e+09,1.5400993e+10,-1.8953969e+10,0.73228855,2806,11454732,1,520.36205,522,515,-1
2024-03-27,523.17,521.67,523.2,519.485,523.17,0.0083687315,0.0071606176,5.4233087e+09,1.9830008e+10,-1.4406699e+10,0.74510617,2900,11422041,0.99999965,520.61571,525,510,1
2024-03-28,523.07,523.22,524.61,522.78,523.07,-0.00019116073,0.003497907,2.7546506e+09,1.5961307e+10,-1.3206656e+10,0.68380905,2878,10799660,1,521.17876,525,510,1
2024-04-01,522.16,523.81,524.38,520.97,522.16,-0.001741244,0.0065192039,5.0455016e+08,1.540423e+10,-1.489968e+10,0.72848198,2850,11557543,1,521.83892,530,510,1
2024-04-02,518.84,518.24,518.98,516.48,518.84,-0.0063785039,0.0047878045,-4.0000716e+09,1.3808323e+10,-1.7808395e+10,0.71305582,3014,11964930,1,521.52433,530,519,-1
2024-04-03,519.41,517.76,520.95,517.665,519.41,0.0010980016,0.0063314317,-1.2175969e+09,1.5855328e+10,-1.7072925e+10,0.73162439,2908,12116528,1,520.0528,530,510,-1
2024-04-04,513.07,523.5,523.8674,512.755,513.07,-0.012281264,0.021394274,-8.2134819e+09,1.1678898e+10,-1.989238e+10,0.69891104,3079,12593737,1,519.38213,530,510,-1
2024-04-05,518.43,514.48,520.44,514.01,518.43,0.010392726,0.012532403,-2.6420518e+09,1.3741166e+10,-1.6383218e+10,0.68764521,3267,12101323,0.9998801,520.74561,530,500,-1
2024-04-08,518.72,519.14,520.18,517.89,518.72,0.00055922481,0.0044171826,-3.4275392e+09,1.4175679e+10,-1.7603218e+10,0.68898459,3190,12376521,1,520.94972,530,510,-1
2024-04-09,519.32,520.48,520.75,514.35,519.32,0.0011560249,0.012338063,-3.2597085e+09,1.4139348e+10,-1.7399056e+10,0.68358532,3187,12368171,1,521.82654,530,510,-1
2024-04-10,514.12,513.51,516.16,512.09,514.12,-0.010063562,0.0078371717,-6.9262479e+09,1.2846423e+10,-1.9772671e+10,0.67835421,3105,12424099,0.98876442,519.46962,520,510,-1
2024-04-11,518,515.67,519.48,512.08,518,0.007518541,0.014393527,-1.5097347e+09,1.6534121e+10,-1.8043856e+10,0.6966166,3277,12508211,1,518.95855,520,510,-1
2024-04-12,510.85,514.45,515.815,509.08,510.85,-0.013899237,0.013001931,-8.2239457e+09,1.1017813e+10,-1.9241759e+10,0.62386223,3241,12510583,1,519.46328,525,510,-1
2024-04-15,504.45,515.03,515.3,503.58,504.45,-0.012607278,0.022942155,-1.1406096e+10,1.0120288e+10,-2.1526384e+10,0.62101496,3266,13328826,0.99939342,516.28422,525,500,-1
2024-04-16,503.53,504.95,506.5,502.21,503.53,-0.0018254336,0.0085043116,-1.2203786e+10,1.0865886e+10,-2.3069672e+10,0.6249185,3203,13484749,1,515.01722,520,500,-1
2024-04-17,500.55,506.09,506.22,499.12,500.55,-0.0059357994,0.014100451,-1.3121174e+10,9.8966699e+09,-2.3017844e+10,0.78339958,3079,12970023,1,513.50843,520,500,-1
2024-04-18,499.52,501.99,504.13,498.56,499.52,-0.0020598565,0.011127759,-1.2601252e+10,1.1199022e+10,-2.3800274e+10,0.77561856,3059,12943657,1,508.99309,520,500,-1
2024-04-19,495.16,499.37,500.455,493.86,495.16,-0.0087666947,0.013202675,-1.0845036e+10,6.9000106e+09,-1.7745047e+10,0.67620439,3045,11079877,0.99993249,513.97577,520,500,-1
2024-04-22,499.72,497.88,502.38,495.43,499.72,0.0091669989,0.014035867,-7.1560487e+09,1.0119121e+10,-1.727517e+10,0.69409431,2823,11364647,0.99811926,509.0112,520,500,-1
2024-04-23,505.65,501.8,506.09,501.225,505.65,0.011796789,0.0097354519,-2.8361655e+09,1.3304423e+10,-1.6140588e+10,0.71013618,2808,11205108,1,508.63092,505,500,-1
2024-04-24,505.41,506.55,507.37,503.13,505.41,-0.00047474928,0.0083852467,-2.3652874e+09,1.3693108e+10,-1.6058395e+10,0.72332925,2491,10847324,0.99123664,508.00998,505,500,-1
2024-04-25,503.49,499.2,504.27,497.49,503.49,-0.0038061301,0.013414851,-1.0420767e+10,9.923842e+09,-2.0344609e+10,0.72152833,2568,10417462,1,508.90601,520,500,-1
2024-04-26,508.26,506.43,509.88,505.7,508.26,0.0094292767,0.0083020517,-1.845328e+09,1.2681329e+10,-1.4526657e+10,0.66990466,2733,10141973,0.9955697,510.13833,508,500,-1
2024-04-29,510.06,510.07,510.75,507.25,510.06,0.0035352382,0.0068862393,-1.6580959e+09,1.3175902e+10,-1.4833998e+10,0.67324291,2781,10251868,1,511.39481,520,500,-1
2024-04-30,501.98,508.62,509.56,501.98,501.98,-0.015968088,0.014860997,-8.7131898e+09,8.8757873e+09,-1.7588977e+10,0.63168673,2705,10092408,0.9998916,512.28821,520,500,-1
2024-05-01,500.35,501.33,508.19,499.865,500.35,-0.0032524247,0.016584326,-9.6462581e+09,8.4447198e+09,-1.8090978e+10,0.68587622,2515,9976890,1,510.05105,520,500,-1
2024-05-02,505.03,504.1,505.89,499.55,505.03,0.0093099799,0.01267113,-5.2538547e+09,1.0994933e+10,-1.6248788e+10,0.68031983,2826,10253847,0.999862,510.57554,510,500,-1
2024-05-03,511.29,511.13,512.55,508.56,511.29,0.01231911,0.0079005208,-1.2863659e+09,1.1133137e+10,-1.2419503e+10,0.63487215,2778,9609993,1,512.71965,520,500,-1
2024-05-06,516.57,513.79,516.61,513.3,516.57,0.010273863,0.0064738211,2.6329454e+09,1.3364143e+10,-1.0731198e+10,0.64301575,2755,9896397,0.99812689,514.06337,520,500,1
2024-05-07,517.14,517.52,518.57,516.45,517.14,0.0011028239,0.0041039937,1.1526233e+09,1.3866699e+10,-1.2714076e+10,0.65858738,2790,10472140,1,516.34167,520,500,1
2024-05-08,517.19,515.3,517.74,515.14,517.19,9.6680943e-05,0.0050276521,-54112955,1.4162186e+10,-1.4216299e+10,0.67614605,2711,10569911,0.9943377,517.23179,520,510,-1
2024-05-09,520.17,517.34,520.2074,516.705,520.17,0.0057453694,0.0067719793,3.3637766e+09,1.5331179e+10,-1.1967403e+10,0.66384197,2783,10730409,1,518.04959,520,510,1
2024-05-10,520.84,521.79,522.635,519.59,520.84,0.0012872116,0.0058538555,1.9347456e+09,1.3485587e+10,-1.1550842e+10,0.61657387,2805,10573856,0.99833325,519.2271,520,510,1
2024-05-13,520.91,522.54,522.67,519.74,520.91,0.00013438925,0.005625528,2.1412083e+08,1.3020464e+10,-1.2806344e+10,0.61713403,2667,10514768,0.98923999,520.72627,525,510,1
2024-05-14,523.3,521.01,523.83,520.56,523.3,0.0045776313,0.006277476,1.4744988e+09,1.3232531e+10,-1.1758032e+10,0.60187591,2840,10382062,1,521.81404,530,510,1
2024-05-15,529.78,525.83,530.08,525.18,529.78,0.012306913,0.0093636537,5.1834601e+09,1.3066307e+10,-7.882847e+09,0.57896275,2398,9341194,0.98669356,525.73426,530,510,1
2024-05-16,528.69,529.86,531.5218,528.54,528.69,-0.0020595773,0.005628374,2.5323004e+09,1.4421327e+10,-1.1889027e+10,0.62517492,2574,9243992,0.99699902,527.04203,530,510,1
2024-05-17,529.45,528.75,529.52,527.32,529.45,0.0014364831,0.0041612287,1.2124279e+09,1.1958077e+10,-1.0745649e+10,0.55641912,2578,8250813,0.99786894,528.32346,535,510,1
2024-05-20,530.06,529.61,531.5601,529.17,530.06,0.0011514758,0.0045143073,2.2067172e+09,1.3470442e+10,-1.1263725e+10,0.58009902,2504,8553557,0.99879232,528.28515,535,510,1
2024-05-21,531.36,529.33,531.52,529.07,531.36,0.0024495499,0.0046221183,2.3130899e+09,1.4182336e+10,-1.1869246e+10,0.58687132,2546,8888831,0.99992181,529.56767,535,525,1
2024-05-22,529.83,530.69,531.38,527.6,529.83,-0.0028835573,0.0071138211,-28631091,1.2887346e+10,-1.2915977e+10,0.78603984,2651,9030931,0.9998978,529.85923,535,525,-1
2024-05-23,525.96,532.9,533.07,524.72,525.96,-0.0073310362,0.015759772,-5.3749018e+09,1.2829647e+10,-1.8204548e+10,0.762444,2589,9986044,0.99960976,529.445,535,525,-1
2024-05-24,529.44,527.82,530.27,526.881,529.44,0.00659468,0.0064434558,5.7768052e+08,1.4302282e+10,-1.3724601e+10,0.72701585,2537,9809716,0.99911221,529.04783,535,520,1
2024-05-28,529.81,530.21,530.51,527.11,529.81,0.00069860753,0.0064218797,-8.6903236e+08,1.4077085e+10,-1.4946118e+10,0.72551771,2450,9897252,0.99677092,530.35417,535,520,-1
2024-05-29,526.1,525.74,527.31,525.37,526.1,-0.007027143,0.00366169,-5.2797828e+09,1.1816357e+10,-1.7096139e+10,0.7803072,2245,10028068,0.97935275,529.81251,535,520,-1
2024-05-30,522.61,524.48,525.2,521.33,522.61,-0.0066558207,0.007356016,-7.5418626e+09,1.147811e+10,-1.9019972e+10,0.77706466,2351,10251194,0.97470763,528.20962,535,520,-1
2024-05-31,527.37,523.65,527.5,518.36,527.37,0.0090669015,0.017489141,-1.6939112e+09,1.2281443e+10,-1.3975354e+10,0.73733523,2538,9409094,0.99967585,529.25162,535,520,-1
2024-06-03,527.8,529.01,529.31,522.6,527.8,0.00081503459,0.012723515,-1.0815315e+09,1.3148307e+10,-1.4229838e+10,0.72391549,2777,10007618,0.99983283,528.96551,535,520,-1
2024-06-04,528.39,526.47,529.15,524.96,528.39,0.0011172233,0.0079386131,-5.1132367e+08,1.4453326e+10,-1.4964649e+10,0.73263678,2790,10368102,0.99975212,528.83717,535,520,-1
2024-06-05,534.67,530.76,534.69,528.7254,534.67,0.011815087,0.011288253,4.0099547e+09,1.4516724e+10,-1.050677e+10,0.71051707,2506,10379952,0.98741102,530.63479,535,520,1
2024-06-06,534.66,534.97,535.42,532.68,534.66,-1.87033e-05,0.0051246563,2.586004e+09,1.4993876e+10,-1.2407872e+10,0.72190921,2549,10615808,0.98785481,532.4595,540,520,1
2024-06-07,534.01,533.7,536.89,532.535,534.01,-0.0012164655,0.0081453634,1.1531762e+09,1.3426043e+10,-1.2272866e+10,0.68987393,2380,10288004,0.92771679,532.93693,540,500,1
2024-06-10,535.66,533.24,535.99,532.57,535.66,0.0030850661,0.0064043744,1.7169916e+09,1.377333e+10,-1.2056338e+10,0.69081101,2261,10094543,0.9229773,533.98671,540,520,1
2024-06-11,536.95,534.09,537.01,532.05,536.95,0.0024053489,0.009259605,1.9346751e+09,1.3514483e+10,-1.1579808e+10,0.67821005,2677,10301857,0.99219713,534.72346,540,520,1
2024-06-12,541.36,541.59,544.12,540.3,541.36,0.0081795116,0.0071142564,6.0449294e+09,1.4961893e+10,-8.9169634e+09,0.68117925,2346,10125547,0.98000849,535.29272,540,520,1
2024-06-13,542.45,543.14,543.325,539.59,542.45,0.0020114233,0.0068992907,5.2747154e+09,1.6666102e+10,-1.1391386e+10,0.71983167,2527,10437202,0.98033477,538.08914,545,520,1
2024-06-14,542.78,540.84,542.81,539.85,542.78,0.00060816603,0.0054567241,2.7493917e+09,1.4032025e+10,-1.1282633e+10,0.6701311,2277,9885361,0.91508262,540.60022,545,530,1
2024-06-17,547.1,542.11,548.53,541.6072,547.1,0.0079275198,0.012754339,5.5226754e+09,1.4285342e+10,-8.7626666e+09,0.64384333,2198,9339213,0.9665551,542.00783,545,530,1
2024-06-18,548.49,547.15,548.62,546.73,548.49,0.0025374469,0.0034545787,4.6310818e+09,1.4581776e+10,-9.9506938e+09,0.65861241,2217,9952774,0.88927388,544.83191,550,530,1
2024-06-20,547,549.48,550.12,545.18,547,-0.0027202456,0.0090065452,2.6006394e+09,1.3999191e+10,-1.1398552e+10,0.77486813,2238,9151709,0.97889913,545.89495,550,520,1
2024-06-21,544.51,544.33,545.65,543.02,544.51,-0.0045624947,0.0048080439,-2.3010883e+09,1.069471e+10,-1.2995798e+10,0.7425379,2314,7778864,1,546.19841,550,530,-1
2024-06-24,542.74,544.42,546.95,542.63,542.74,-0.0032559238,0.0079337386,-3.0924603e+09,1.089481e+10,-1.398727e+10,0.73158456,2312,7896951,1,545.00101,550,535,-1
2024-06-25,544.83,544,545.2,542.44,544.83,0.0038434355,0.0050853079,-6.4562939e+08,1.3245926e+10,-1.3891555e+10,0.74659511,2408,7973269,0.99998671,545.26409,550,530,-1
2024-06-26,545.51,543.64,546.24,543.03,545.51,0.0012473175,0.005891746,4.2143161e+08,1.3938167e+10,-1.3516736e+10,0.75104164,2349,7959628,0.99420689,545.28198,548,540,1
2024-06-27,546.37,545.39,546.96,544.61,546.37,0.001575265,0.0043078954,1.1580901e+09,1.4322614e+10,-1.3164524e+10,0.74524765,2445,7933739,1,545.76389,550,530,1
2024-06-28,544.22,547.15,550.28,542.95,544.22,-0.003942825,0.013415817,-4.4267667e+09,9.0112061e+09,-1.3437973e+10,0.66841499,2444,7329914,1,548.01102,550,540,-1
2024-07-01,545.34,545.61,545.88,542.52,545.34,0.0020558765,0.0061739738,-2.7203449e+09,1.1206822e+10,-1.3927167e+10,0.73565176,2496,7734764,0.99983606,547.3241,550,540,-1
2024-07-02,549.01,543.72,549.01,543.65,549.01,0.0067072029,0.0098287307,2.648064e+09,1.366849e+10,-1.1020426e+10,0.72958918,2372,7976857,0.99477288,547.57122,550,530,1
2024-07-03,551.46,548.66,551.83,548.65,551.46,0.0044526503,0.0057922442,4.1150512e+09,1.4224432e+10,-1.0109381e+10,0.72692622,2698,8244907,0.99971025,548.33795,553,530,1
2024-07-05,554.64,551.74,555.05,551.12,554.64,0.005749948,0.0071265368,2.8975421e+09,1.1256736e+10,-8.3591937e+09,0.66153234,2552,7805651,0.99710043,551.37486,555,520,1
2024-07-08,555.28,555.44,556.2501,554.19,555.28,0.0011532364,0.0037143012,2.1787174e+09,1.2388785e+10,-1.0210068e+10,0.68925686,2698,8204555,1,553.42013,560,530,1
2024-07-09,555.82,556.26,557.18,555.52,555.82,0.0009720098,0.0029894828,2.4075331e+09,1.3376549e+10,-1.0969016e+10,0.70300764,2835,8453737,0.99999988,554.0689,557,530,1
2024-07-10,561.32,557.13,561.67,556.77,561.32,0.0098466521,0.0088158037,3.5548624e+09,1.1874748e+10,-8.3198857e+09,0.6586056,2690,8462525,0.99596527,556.23587,560,540,1
2024-07-11,556.48,561.45,562.33,555.83,556.48,-0.0086599217,0.011579848,-8.1417628e+08,1.4834074e+10,-1.564825e+10,0.73795718,2869,9017547,1,557.01903,565,545,-1
2024-07-12,559.99,557.69,563.67,557.15,559.99,0.0062876953,0.011716504,2.7403413e+09,1.3563785e+10,-1.0823443e+10,0.66564019,2936,8674415,0.99481879,557.5738,565,545,1
2024-07-15,561.53,561.97,564.8371,559.63,561.53,0.0027462746,0.0092985589,2.0802498e+09,1.361764e+10,-1.153739e+10,0.66428304,3040,9018379,0.99969762,559.62082,565,545,1
2024-07-16,564.86,562.9,565.16,562.1,564.86,0.0059127118,0.0054493972,4.0320277e+09,1.4538503e+10,-1.0506476e+10,0.65730355,2803,9028810,0.95891109,561.43138,565,540,1
2024-07-17,556.94,558.89,560.51,556.61,556.94,-0.014120399,0.0069043657,-4.8759533e+09,1.2333359e+10,-1.7209312e+10,0.80232707,2958,9316458,1,561.49169,565,545,-1
2024-07-18,552.66,558.54,559.52,550.43,552.66,-0.00771453,0.016321327,-7.3222833e+09,1.198002e+10,-1.9302304e+10,0.78718523,3067,9484296,1,557.69153,565,550,-1
2024-07-19,548.99,552.43,554.08,547.91,548.99,-0.0066627578,0.011164188,-7.6905666e+09,7.6076909e+09,-1.5298258e+10,0.69555616,2845,7788859,0.99749514,558.20977,565,550,-1
2024-07-22,554.65,553.02,555.27,551.02,554.65,0.010257058,0.0077414889,-2.3624337e+09,1.1510863e+10,-1.3873297e+10,0.72117969,2804,8075710,1,556.94967,565,545,-1
2024-07-23,553.78,554.56,556.735,553.275,553.78,-0.0015697882,0.0062381682,-4.1327218e+09,1.0841497e+10,-1.4974219e+10,0.71048647,2643,8317171,0.99517889,557.4147,565,545,-1
2024-07-24,541.23,548.85,549.17,540.29,541.23,-0.022923169,0.016035249,-1.1257521e+10,6.5521519e+09,-1.7809673e+10,0.68853729,2656,8318525,1,553.81256,560,540,-1
2024-07-25,538.41,541.32,547.455,537.45,538.41,-0.0052239754,0.018485672,-1.0063853e+10,7.5754086e+09,-1.7639262e+10,0.69344695,2697,8507206,1,550.41736,565,540,-1
2024-07-26,544.44,542.35,547.19,541.49,544.44,0.011137392,0.010586728,-6.3503451e+09,8.9935187e+09,-1.5343864e+10,0.67204613,2761,8183431,0.99995491,553.21724,560,540,-1
2024-07-29,544.76,546.04,547.05,542.72,544.76,0.00058758724,0.0079531261,-6.3191383e+09,8.9753025e+09,-1.5294441e+10,0.66353689,2656,8176681,0.9959228,554.72524,560,540,-1
2024-07-30,542,546.2,547.34,538.515,542,-0.0050793293,0.016199794,-5.8727579e+09,8.5267251e+09,-1.4399483e+10,0.64431243,2377,8052340,0.98444229,552.2522,560,530,-1
2024-07-31,550.81,549,553.5,547.5799,550.81,0.016123921,0.010922694,-2.0552533e+09,9.9100131e+09,-1.1965266e+10,0.69572846,2711,7977095,1,554.50879,560,540,-1
2024-08-01,543.01,552.56,554.8688,539.43,543.01,-0.014262186,0.028029266,-6.9880628e+09,8.2913382e+09,-1.5279401e+10,0.69351709,2954,8562668,0.99065011,554.3068,565,540,-1
2024-08-02,532.9,535.58,536.99,528.6,532.9,-0.018793947,0.015450913,-9.4540541e+09,5.6861333e+09,-1.5140187e+10,0.64988179,3232,8667312,0.99992951,558.22132,565,540,-1
2024-08-05,517.38,511.77,523.58,510.27,517.38,-0.029556175,0.024976543,-8.6151614e+09,3.8635209e+09,-1.2478682e+10,0.5923797,3017,8844380,1,551.72568,565,520,-1
2024-08-06,522.15,519.42,529.75,517.87,522.15,0.0091772887,0.022961846,-9.6859619e+09,5.2821078e+09,-1.496807e+10,0.61534286,3489,9355875,0.99998557,552.95245,565,520,-1
2024-08-07,518.66,528.58,531.59,518.0519,518.66,-0.0067063404,0.025927607,-1.0021191e+10,5.0541327e+09,-1.5075324e+10,0.61743636,3580,9436129,1,544.48214,565,520,-1
2024-08-08,530.65,523.99,531.29,521.84,530.65,0.022854108,0.018220029,-7.293338e+09,7.9687946e+09,-1.5262133e+10,0.63922282,3461,9387081,1,543.72692,550,520,-1
2024-08-09,532.99,529.81,534.51,528.56,532.99,0.0043999921,0.011212664,-6.8725531e+09,7.7165083e+09,-1.4589061e+10,0.59916113,3275,9063915,0.99969152,546.56136,550,520,-1
2024-08-12,533.27,534.21,535.73,530.95,533.27,0.00052520024,0.0089682733,-7.208793e+09,7.8446705e+09,-1.5053464e+10,0.59736753,3344,9216670,0.9998915,546.24548,550,520,-1
2024-08-13,542.04,536.66,542.28,536.28,542.04,0.016311937,0.011251336,-2.6787116e+09,1.0313805e+10,-1.2992516e+10,0.59686363,3356,9181448,0.99962294,545.95333,550,530,-1
2024-08-14,543.75,542.86,544.96,540.12,543.75,0.0031497829,0.0089292303,-3.2060932e+09,1.0755755e+10,-1.3961848e+10,0.60258863,3173,9058341,1,546.93794,550,540,-1
2024-08-15,553.07,549.5,553.36,548.88,553.07,0.016994993,0.0082390805,3.6495118e+09,1.3301817e+10,-9.652305e+09,0.5885828,2883,8416162,0.99243967,549.69266,555,540,1
2024-08-16,554.31,551.29,555.02,551.26,554.31,0.0022395212,0.0067984161,1.1439377e+08,9.8406689e+09,-9.7262751e+09,0.49589015,3085,7712380,1,554.13638,555,540,1
2024-08-19,559.61,554.71,559.61,553.86,559.61,0.0095160155,0.010373257,2.0480372e+09,1.0282641e+10,-8.2346039e+09,0.46937692,2582,8211465,0.99133139,556.86256,560,540,1
2024-08-20,558.7,559.17,560.84,557.325,558.7,-0.0016274561,0.0062811601,2.3159235e+08,1.0825389e+10,-1.0593796e+10,0.52768271,2909,8648226,1,558.40967,565,540,1
2024-08-21,560.62,559.74,562.11,557.99,560.62,0.0034306577,0.0073742617,1.4303881e+09,1.187726e+10,-1.0446872e+10,0.76563579,2954,8817208,1,558.93447,565,540,1
2024-08-22,556.22,562.54,563.18,554.98,556.22,-0.0078794147,0.014626663,-2.2859326e+09,1.1576794e+10,-1.3862727e+10,0.71308462,3067,10164918,1,559.06261,565,540,-1
2024-08-23,562.13,559.55,563.09,557.29,562.13,0.01056924,0.010427529,3.5773825e+09,1.3544985e+10,-9.9676023e+09,0.68038423,2909,9834486,0.99841253,558.00254,565,540,1
2024-08-26,560.79,563.15,563.91,559.05,560.79,-0.002386636,0.0086456869,1.9379286e+09,1.3170342e+10,-1.1232414e+10,0.66908414,2730,10054613,0.99234869,558.68128,565,540,1
2024-08-27,561.56,559.43,562.06,558.32,561.56,0.0013721212,0.0066691631,2.2242827e+09,1.3719746e+10,-1.1495464e+10,0.67130345,2967,10102591,1,558.82418,570,540,1
2024-08-28,558.3,561.18,561.65,555.04,558.3,-0.0058221728,0.011770781,-5.0321751e+08,1.2583001e+10,-1.3086219e+10,0.67475785,2869,10307299,0.99462235,559.02098,570,540,-1
2024-08-29,558.35,560.28,563.68,557.18,558.35,8.9553575e-05,0.011642486,3.8857305e+08,1.3913564e+10,-1.352499e+10,0.68570832,2886,10081559,1,557.98389,570,540,1
2024-08-30,563.68,560.74,564.2,557.14,563.68,0.0095007087,0.012644399,2.9486521e+09,1.301144e+10,-1.0062788e+10,0.62239151,2571,9029906,0.97912027,560.42976,570,540,1
2024-09-03,552.08,560.42,560.81,549.51,552.08,-0.020793751,0.020046835,-6.3943085e+09,8.8370258e+09,-1.5231334e+10,0.67956281,3057,9968719,1,561.45758,570,540,-1
2024-09-04,550.95,550.22,554.43,549.46,550.95,-0.0020489024,0.0090023185,-5.5629303e+09,9.8057782e+09,-1.5368709e+10,0.69453086,2967,10214614,0.99026835,558.7409,570,540,-1
2024-09-05,549.61,550.85,553.7995,547.1,549.61,-0.0024351251,0.012159906,-6.7463472e+09,9.5026915e+09,-1.6249039e+10,0.68575334,3173,10321020,1,558.15612,570,540,-1
2024-09-06,540.36,549.88,551.6,539.44,540.36,-0.016973352,0.022124779,-9.2314721e+09,6.8232015e+09,-1.6054674e+10,0.64167265,3336,10235064,0.99772107,557.72522,570,540,-1
2024-09-09,546.41,544.7,547.71,542.68,546.41,0.011134026,0.0093086091,-5.4698223e+09,1.0305115e+10,-1.5774938e+10,0.66221177,3343,10520668,0.99999905,553.89265,570,540,-1
2024-09-10,548.79,548.31,549.15,543.38,548.79,0.004346245,0.010559836,-4.2150414e+09,1.1102899e+10,-1.531794e+10,0.65820734,3318,10699205,0.99814575,554.33967,570,540,-1
2024-09-11,554.42,548.72,555.36,539.96,554.42,0.010206668,0.028061736,-4.8986367e+08,1.3208635e+10,-1.3698499e+10,0.66365398,3274,10453498,0.99779031,554.99358,570,540,-1
2024-09-12,559.09,554.95,559.4,552.74,559.09,0.0083879397,0.012012554,2.7778285e+09,1.4852271e+10,-1.2074443e+10,0.65549416,2950,10099862,0.98802132,556.52471,570,540,1
2024-09-13,562.01,559.69,563.03,559.45,562.01,0.0052091813,0.0064032624,3.0969347e+09,1.4449268e+10,-1.1352333e+10,0.63763099,2951,10299630,0.96750922,558.28963,570,540,1
2024-09-16,562.84,561.74,563.11,559.9,562.84,0.0014757526,0.0057116421,2.6588829e+09,1.4834064e+10,-1.2175181e+10,0.64430454,2870,9928149,0.98688608,560.04925,570,540,1
2024-09-17,563.07,565.06,566.58,560.795,563.07,0.00040855842,0.010278232,2.3698116e+09,1.4823566e+10,-1.2453755e+10,0.63811227,3082,10352648,0.9961208,560.06209,570,540,1
2024-09-18,561.4,563.71,568.69,560.83,561.4,-0.0029702904,0.013959188,2.9855842e+08,1.487151e+10,-1.4572951e+10,0.79877897,3435,10931659,1,561.10349,570,540,1
2024-09-19,570.98,571.04,572.88,568.08,570.98,0.016920519,0.0085500534,1.1721111e+10,2.1890061e+10,-1.016895e+10,0.78770618,2788,10135194,0.98558005,566.81333,570,540,1
2024-09-20,568.25,567.9,569.31,565.17,568.25,-0.00479272,0.0072506918,-66502298,1.2302315e+10,-1.2368817e+10,0.6934449,2893,8969003,0.99915565,568.33066,570,550,-1
2024-09-23,569.67,569.39,570.3325,568.1,569.67,0.0024957831,0.0039287286,2.0917405e+09,1.4314166e+10,-1.2222426e+10,0.70353305,2891,8967942,0.99993209,567.61504,570,560,1
2024-09-24,571.3,570.55,571.36,567.6,571.3,0.0028572199,0.0066003125,3.1866991e+09,1.5894367e+10,-1.2707668e+10,0.71081861,2800,9331669,0.99949002,568.65334,570,560,1
2024-09-25,570.04,571.19,571.89,568.91,570.04,-0.0022079319,0.0052161736,5.4644505e+08,1.5273773e+10,-1.4727328e+10,0.722539,2910,9445478,1,569.583,575,560,1
2024-09-26,572.3,574.49,574.71,569.9,572.3,0.0039567956,0.0084380044,4.0204107e+09,1.726673e+10,-1.3246319e+10,0.71886265,3034,9697270,0.99980262,569.06157,570,560,1
2024-09-27,571.47,573.42,574.22,570.42,571.47,-0.001451341,0.0066398742,9.5234797e+08,1.4670679e+10,-1.3718331e+10,0.68436552,3030,9275416,0.99449814,570.29301,570,560,1
2024-09-30,573.76,570.45,574.38,568.08,573.76,0.003999202,0.011024201,-1.4287687e+08,1.26316e+10,-1.2774477e+10,0.62895347,2891,8953868,0.99772188,574.01133,580,560,-1
2024-10-01,568.62,573.46,573.46,566,568.62,-0.0089988177,0.013001952,-5.0191598e+09,1.074526e+10,-1.5764419e+10,0.7004861,2946,9391710,1,575.85144,580,560,-1
2024-10-02,568.86,567.73,569.9,565.27,568.86,0.00042198545,0.0081425205,-4.7732577e+09,1.1304932e+10,-1.6078189e+10,0.71424286,3077,9510660,1,575.36656,580,560,-1
2024-10-03,567.82,567.47,569.8025,565.49,567.82,-0.0018298911,0.0075809514,-5.7976e+09,1.1101514e+10,-1.6899114e+10,0.69824245,3286,9917327,1,575.98679,580,560,-1
2024-10-04,572.98,572.39,573.36,568.1,572.98,0.009046345,0.009263499,-2.7198381e+09,1.1590234e+10,-1.4310073e+10,0.67359683,3259,9760871,0.99986784,577.72805,580,560,-1
2024-10-07,567.8,571.3,571.9599,566.63,567.8,-0.0090815681,0.0093020699,-7.4375033e+09,1.0616025e+10,-1.8053528e+10,0.69396196,3217,10217238,1,578.40151,580,560,-1
2024-10-08,573.17,570.48,573.78,569.5299,573.17,0.0094131128,0.0074852061,-1.9873601e+09,1.3398956e+10,-1.5386316e+10,0.69219611,3178,10297644,0.99992202,575.87399,580,560,-1
2024-10-09,577.14,573.19,577.71,572.55,577.14,0.0069025146,0.0090025647,-4.2238236e+08,1.3334515e+10,-1.3756897e+10,0.68488412,3024,10160388,0.9910529,577.78436,580,560,-1
2024-10-10,576.13,575.87,577.58,574.49,576.13,-0.0017515417,0.0053539869,-1.4056727e+09,1.435915e+10,-1.5764822e+10,0.68913838,3123,10389336,0.99998277,577.43227,580,560,-1
2024-10-11,579.58,576.03,580.33,575.91,579.58,0.0059703736,0.0076718796,1.5652313e+09,1.396224e+10,-1.2397009e+10,0.63632212,2873,10052968,0.97914566,577.62864,585,560,1
2024-10-14,584.32,581.23,585.27,580.73,584.32,0.0081450747,0.0078332586,3.7567313e+09,1.4611469e+10,-1.0854737e+10,0.60881568,2966,10404760,0.99551936,579.31062,585,560,1
2024-10-15,579.78,584.67,584.9,578.545,579.78,-0.0078000567,0.01087589,-9.9417658e+08,1.4515232e+10,-1.5509408e+10,0.64328913,2957,10781852,0.98190404,580.92376,585,560,-1
2024-10-16,582.3,579.8,582.83,578.96,582.3,0.0043370576,0.0066749457,2.4589552e+09,1.630089e+10,-1.3841935e+10,0.78725232,3118,10667551,0.99563142,579.79711,585,560,1
2024-10-17,582.35,585.97,586.12,582.16,582.35,8.5862706e-05,0.0068006182,1.7231706e+09,1.6548687e+10,-1.4825516e+10,0.78801953,2996,10466141,1,580.90373,585,560,1
2024-10-18,584.59,584.01,585.39,582.58,584.59,0.0038391053,0.0048252769,1.2870818e+09,1.2909646e+10,-1.1622564e+10,0.71534981,2838,8848655,0.99999051,582.9442,585,560,1
2024-10-21,583.63,583.91,584.85,580.6001,583.63,-0.0016435264,0.0072698815,-5.7319773e+08,1.3074817e+10,-1.3648015e+10,0.73085181,2717,9167899,1,584.26899,590,560,-1
2024-10-22,583.32,581.14,584.5,580.38,583.32,-0.00053129955,0.007059267,-3.2841954e+08,1.4240965e+10,-1.4569385e+10,0.74020542,2676,9430089,0.99968229,583.62928,585,570,-1
2024-10-23,577.99,581.34,581.7086,574.415,577.99,-0.0091793534,0.0125036,-5.7556659e+09,1.2145163e+10,-1.7900829e+10,0.7488444,2646,9738717,1,583.078,590,570,-1
2024-10-24,579.24,580.03,580.06,576.57,579.24,0.002160332,0.0060381668,-2.3825607e+09,1.4849516e+10,-1.7232077e+10,0.75386811,2711,9944237,1,580.69121,585,570,-1
2024-10-25,579.04,581.58,584.46,578.08,579.04,-0.00034533964,0.011014433,-2.2526052e+09,1.238277e+10,-1.4635375e+10,0.70212873,2694,9622992,0.99578894,581.54097,590,570,-1
2024-10-28,580.83,582.51,582.71,580.52,580.83,0.0030865553,0.0037821221,-1.7427233e+09,1.3574801e+10,-1.5317525e+10,0.71326202,2811,9873026,1,582.63675,590,570,-1
2024-10-29,581.77,579.91,582.907,578.43,581.77,0.0016170656,0.0077079352,-2.5554745e+09,1.31305e+10,-1.5685974e+10,0.70607839,2651,9881657,1,584.27614,590,570,-1
2024-10-30,580.01,581.41,583.32,579.29,580.01,-0.0030298358,0.0069271362,-3.021715e+09,1.2893531e+10,-1.5915246e+10,0.74141092,2626,9820441,0.99989929,583.07874,590,570,-1
2024-10-31,568.64,575.63,575.63,568.44,568.64,-0.0197978,0.012396338,-8.8795483e+09,7.8989438e+09,-1.6778492e+10,0.68665276,2880,9189167,1,580.30326,590,570,-1
2024-11-01,571.04,571.32,575.55,570.62,571.04,0.0042117148,0.0086698087,-5.4312248e+09,9.3689359e+09,-1.4800161e+10,0.6669896,3076,9086225,1,579.35206,590,570,-1
2024-11-04,569.81,571.11,572.5,567.89,569.81,-0.0021562878,0.0080729896,-6.203647e+09,8.9312438e+09,-1.5134891e+10,0.64559665,3166,9301776,1,580.24782,590,570,-1
2024-11-05,576.7,570.81,576.71,570.52,576.7,0.012019229,0.01086327,-2.7245055e+09,1.1079884e+10,-1.380439e+10,0.64380441,3166,9537084,1,582.03748,590,570,-1
2024-11-06,591.04,589.31,591.93,585.39,591.04,0.024561496,0.011340385,6.0662627e+09,1.5575389e+10,-9.5091266e+09,0.64321086,3270,9729395,0.99948527,582.07706,590,570,1
2024-11-07,595.61,593.09,596.65,592.9999,595.61,0.0077023934,0.0061757241,7.620113e+09,1.6483748e+10,-8.8636352e+09,0.63839375,3354,9878516,1,586.38941,600,560,1
2024-11-08,598.19,596.2,599.64,596.165,598.19,0.0043223388,0.0058343547,6.7099965e+09,1.56273e+10,-8.9173037e+09,0.61015903,3216,9656420,0.99751595,588.82626,600,570,1
2024-11-11,598.76,599.88,600.17,597,598.76,0.00095242081,0.0052993196,5.0551318e+09,1.5880174e+10,-1.0825043e+10,0.62153977,3175,10052031,0.98546702,592.25615,600,570,1
2024-11-12,596.9,598.72,599.29,594.37,596.9,-0.0031112549,0.0082169818,2.7361376e+09,1.6353062e+10,-1.3616925e+10,0.63807527,3197,10167992,1,593.70817,600,598,1
2024-11-13,597.19,597.36,599.23,594.96,597.19,0.00048572554,0.0071536271,3.4772667e+09,1.8098195e+10,-1.4620928e+10,0.66743379,3187,10130538,1,593.7614,600,598,1
2024-11-14,593.35,597.31,597.81,592.65,593.35,-0.0064508766,0.0086404662,-6.1640533e+08,1.6355042e+10,-1.6971448e+10,0.641817,2904,9387786,0.9933193,593.70118,600,590,-1
2024-11-15,585.75,589.77,590.2,583.86,585.75,-0.012891367,0.010685093,-3.0100549e+09,1.0000706e+10,-1.3010761e+10,0.46537056,3004,8096096,1,589.72047,600,580,-1
2024-11-18,588.15,586.24,589.49,585.34,588.15,0.00408894,0.0070849338,-3.7561147e+08,1.3797224e+10,-1.4172835e+10,0.53026297,2956,8621217,0.99980734,588.51043,600,580,-1
2024-11-19,590.3,584.74,591.045,584.03,590.3,0.0036488648,0.011927229,5.3433913e+08,1.422382e+10,-1.3689481e+10,0.52394893,2823,8760180,1,589.73402,600,580,1
2024-11-20,590.5,590.32,590.79,584.63,590.5,0.00033875339,0.010435372,6.6598218e+08,1.4454009e+10,-1.3788027e+10,0.77187512,2795,8971196,1,589.75904,600,580,1
2024-11-21,593.67,593.39,595.12,587.45,593.67,0.0053539738,0.012988992,4.8091662e+09,1.8538611e+10,-1.3729445e+10,0.73515681,2911,10362426,1,589.75319,600,580,1
2024-11-22,595.51,593.64,596.15,593.1525,595.51,0.0030945718,0.0050491014,4.3830212e+09,1.7243494e+10,-1.2860473e+10,0.7023799,2789,10034777,0.99997539,591.39181,600,580,1
2024-11-25,597.53,599.51,600.86,595.2,597.53,0.0033863105,0.0095044584,6.1737286e+09,1.8687883e+10,-1.2514155e+10,0.70548235,2767,10182270,1,592.67563,600,580,1
2024-11-26,600.65,598.82,601.33,598.07,600.65,0.0052079104,0.005455793,9.4227363e+09,2.1331535e+10,-1.1908798e+10,0.71455457,2686,10079034,1,594.21766,600,560,1
2024-11-27,598.83,600.51,600.85,597.28,598.83,-0.0030346507,0.0059435611,6.1528361e+09,2.124509e+10,-1.5092254e+10,0.72109698,2796,10168656,0.99867514,595.17692,600,580,1
2024-11-29,602.55,599.58,603.35,599.3805,602.55,0.006192898,0.0066287594,7.2377506e+09,1.7729908e+10,-1.0492157e+10,0.6399932,2777,9240358,0.99801566,596.02307,605,580,1
2024-12-02,603.63,603.02,604.32,602.47,603.63,0.001790778,0.0030702846,6.7323261e+09,1.7840699e+10,-1.1108373e+10,0.71732382,3005,9456148,1,597.2738,605,580,1
2024-12-03,603.91,603.4,604.16,602.341,603.91,0.00046375276,0.0030134354,5.8814769e+09,1.9356408e+10,-1.3474931e+10,0.72515467,3091,9868982,1,599.29097,605,602,1
2024-12-04,607.66,605.66,607.91,604.95,607.66,0.0061903348,0.0049013926,1.0644579e+10,2.163083e+10,-1.0986251e+10,0.72724674,2955,9674363,0.99432541,599.42295,610,560,1
2024-12-05,606.66,607.58,608.48,606.305,606.66,-0.0016470127,0.0035793042,8.2264557e+09,2.2494711e+10,-1.4268255e+10,0.74375819,2904,9925133,0.98859431,601.03598,610,602,1
2024-12-06,607.81,607.38,609.07,607.02,607.81,0.0018938308,0.003379158,7.8211713e+09,2.1125213e+10,-1.3304042e+10,0.71397422,2980,9656772,0.99576297,600.79479,610,560,1
2024-12-09,604.68,607.74,607.86,604.08,604.68,-0.0051629406,0.0062190487,3.6084797e+09,1.977073e+10,-1.6162251e+10,0.70554739,2868,10061708,0.96869349,601.91918,610,600,1
2024-12-10,602.8,605.4,605.8,602.13,602.8,-0.0031139257,0.0060693259,4.1031844e+08,1.9979273e+10,-1.9568954e+10,0.71276412,3072,10401906,0.99983426,602.50566,610,600,1
2024-12-11,607.46,605.77,608.435,605.5,607.46,0.0077008627,0.0048689449,1.0510635e+10,2.6064986e+10,-1.5554351e+10,0.73847459,2839,10384814,0.97531925,602.30712,610,595,1
2024-12-12,604.33,606.64,607.16,604.33,604.33,-0.0051659231,0.004658743,3.8355403e+09,2.3201826e+10,-1.9366285e+10,0.72883222,2944,10557294,0.99004177,602.65824,610,600,1
2024-12-13,604.21,606.38,607.13,602.81,604.21,-0.00019858673,0.0071484123,4.7333775e+09,2.1072493e+10,-1.6339115e+10,0.67797855,2741,9710928,0.97373114,601.56307,610,595,1
2024-12-16,606.79,606,607.7795,605.21,606.79,0.0042609478,0.0042526605,8.9013756e+09,2.4492605e+10,-1.559123e+10,0.6996798,2695,9810738,0.97923734,601.72065,610,595,1
2024-12-17,604.29,604.22,605.17,602.885,604.29,-0.0041285523,0.003765718,3.8933576e+09,2.1419789e+10,-1.7526431e+10,0.67849088,2726,10013740,0.99249871,601.83638,610,590,1
2024-12-18,586.28,604,606.405,585.89,586.28,-0.030256724,0.033948932,-7.9533302e+09,1.0882451e+10,-1.8835781e+10,0.78983179,2992,11171046,0.9961265,597.8747,610,560,-1
2024-12-19,586.1,591.43,593,585.85,586.1,-0.00030706768,0.012195538,-9.197117e+09,1.1277402e+10,-2.0474519e+10,0.79140193,2959,11680019,0.99713177,595.3912,610,580,-1
2024-12-20,591.15,581.83,595.75,580.91,591.15,0.0085793688,0.025319911,-6.8540916e+09,1.1260092e+10,-1.8114183e+10,0.74847345,2761,9034895,0.99981206,598.97824,610,590,-1
2024-12-23,594.69,590.92,595.3,587.661,594.69,0.0059704691,0.01292227,-4.034165e+09,1.4219013e+10,-1.8253178e+10,0.75613657,2513,9269444,0.99999978,597.73207,605,590,-1
2024-12-24,601.3,596.1,601.34,595.47,601.3,0.011053717,0.0098706889,5.0315606e+09,2.1486734e+10,-1.6455173e+10,0.78073338,2488,9378633,0.99699103,598.48305,605,598,1
2024-12-26,601.34,599.41,602.48,598.0825,601.34,6.6520322e-05,0.0073133211,3.3035669e+09,2.0914456e+10,-1.7610889e+10,0.788716,2404,9484501,0.99325573,599.78841,605,598,1
2024-12-27,595.01,597.5,597.7761,590.7647,595.01,-0.010582286,0.011659627,-5.3692591e+09,1.2630423e+10,-1.7999682e+10,0.72614023,2508,9011070,0.9998483,599.73239,605,598,-1
2024-12-30,588.22,587.9,591.74,584.41,588.22,-0.011477185,0.012319121,-9.1742269e+09,1.0516604e+10,-1.9690831e+10,0.70705615,2580,9029483,0.99966908,597.11786,610,590,-1
2024-12-31,586.08,589.96,590.6399,584.42,586.08,-0.0036447286,0.010574105,-7.9764187e+09,9.1194369e+09,-1.7095856e+10,0.63358318,2623,8499620,1,595.13953,605,580,-1
2025-01-02,584.64,589.38,591.13,580.5,584.64,-0.0024600258,0.018137456,-8.4452336e+09,9.2293885e+09,-1.7674622e+10,0.71000216,2694,8720290,1,593.29871,615,580,-1
2025-01-03,591.95,587.52,592.6,586.43,591.95,0.012425899,0.010553503,-2.8309308e+09,1.2268687e+10,-1.5099618e+10,0.70132396,2753,8651846,0.99888833,595.32974,600,580,-1
2025-01-06,595.36,596.23,599.7,593.6,595.36,0.0057440927,0.010304924,-1.8540116e+09,1.3361019e+10,-1.5215031e+10,0.69943596,2792,9037152,1,597.17625,615,590,-1
2025-01-07,588.63,597.39,597.75,586.78,588.63,-0.011368462,0.018425826,-8.7370903e+09,1.0112242e+10,-1.8849332e+10,0.68486035,2697,9439245,1,597.03226,615,585,-1
2025-01-08,589.49,588.77,590.5799,585.195,589.49,0.0014599534,0.0091481916,-7.6539684e+09,1.1691539e+10,-1.9345508e+10,0.69918375,2929,9672165,0.99687567,596.88965,605,585,-1
2025-01-10,580.49,585.8,585.95,578.55,580.49,-0.015385182,0.012553224,-1.275621e+10,7.5109273e+09,-2.0267138e+10,0.65078988,2903,9950470,0.9999189,598.19654,615,580,-1
2025-01-13,581.39,575.75,581.75,575.35,581.39,0.0015492137,0.011025168,-1.1661147e+10,8.8963623e+09,-2.0557509e+10,0.65364442,2650,9894527,1,594.34437,600,575,-1
2025-01-14,582.19,584.34,585,578.35,582.19,0.0013750668,0.011438105,-1.0538752e+10,9.8028443e+09,-2.0341596e+10,0.64949686,2682,10030212,1,593.54641,600,575,-1
2025-01-15,592.78,590.27,593.94,589.195,592.78,0.01802648,0.0081502602,-1.4824251e+09,1.5272145e+10,-1.675457e+10,0.66501947,2801,9723597,0.98009235,594.19451,600,580,-1
2025-01-16,591.64,594.11,594.35,590.93,591.64,-0.0019249934,0.0057694254,-4.2704432e+09,1.4759075e+10,-1.9029519e+10,0.66378497,2661,9071319,0.99304588,594.56942,600,585,-1
2025-01-17,597.58,596.92,599.36,595.61,597.58,0.0099898243,0.0063383138,1.5720227e+08,1.2005067e+10,-1.1847865e+10,0.52576693,2775,7853482,0.99762258,597.34901,600,580,1
2025-01-21,603.05,600.69,603.05,598.67,603.05,0.009111946,0.0073295626,2.3841302e+09,1.394035e+10,-1.155622e+10,0.54566675,2727,8237535,0.9999892,600.91322,605,590,1
2025-01-22,606.44,605.89,607.82,605.36,606.44,0.0056056832,0.0040792637,2.6847947e+09,1.4284742e+10,-1.1599947e+10,0.73475676,2718,8552964,0.99274357,603.92222,610,590,1
2025-01-23,609.75,605.82,609.75,605.52,609.75,0.0054432419,0.0069751336,2.5780841e+09,1.5363385e+10,-1.2785301e+10,0.74517833,2551,8800237,0.98715035,608.05391,610,590,1
2025-01-24,607.97,609.77,610.78,606.8,607.97,-0.0029234985,0.0065272653,-9.1130392e+08,1.262989e+10,-1.3541194e+10,0.71177829,2609,8511973,0.9876978,608.81473,610,590,-1
2025-01-27,599.37,594.78,599.69,594.64,599.37,-0.014246435,0.0083063309,-8.6288743e+09,1.0156725e+10,-1.8785599e+10,0.71995209,2797,9058751,1,608.10539,620,590,-1
2025-01-28,604.52,600.53,605.37,597.25,604.52,0.0085556511,0.013547558,-1.8651608e+09,1.3183133e+10,-1.5048293e+10,0.70593223,2685,8976215,0.99791828,606.68272,610,590,-1
2025-01-29,601.81,603.66,604.13,599.22,601.81,-0.0044929738,0.0081221465,-4.3143859e+09,1.2901368e+10,-1.7215754e+10,0.75549166,2668,8564326,0.99912159,606.07736,620,590,-1
2025-01-30,605.04,604.01,606.6,600.715,605.04,0.0053527907,0.0097788339,-43108208,1.4844499e+10,-1.4887607e+10,0.74635908,2952,8820494,0.99942305,605.07799,610,590,-1
2025-01-31,601.82,607.46,609.96,601.05,601.82,-0.0053361743,0.014726299,-3.1212967e+09,1.051712e+10,-1.3638416e+10,0.67454564,3049,7865222,0.99987655,606.70181,620,595,-1
2025-02-03,597.77,592.66,600.29,590.49,597.77,-0.0067523327,0.016283939,-7.1257337e+09,9.6274695e+09,-1.6753203e+10,0.68500044,2986,8412243,1,608.58817,620,600,-1
2025-02-04,601.78,597.82,602.3,597.28,601.78,0.0066858654,0.0083978788,-2.2431399e+09,1.2692773e+10,-1.4935913e+10,0.67752243,2422,8117255,0.99328049,605.01971,620,590,-1
2025-02-05,604.22,600.64,604.37,598.58,604.22,0.00404644,0.0096214563,-1.1618528e+09,1.3566476e+10,-1.4728328e+10,0.687398,2860,8474382,1,605.42602,620,595,-1
2025-02-06,606.32,605.93,606.4525,602.63,606.32,0.0034695295,0.0063263381,1.0840926e+09,1.4732234e+10,-1.3648141e+10,0.68257118,2566,8496624,0.98510079,605.31141,610,595,1
2025-02-07,600.77,606.83,608.13,600.05,600.77,-0.0091957337,0.013326296,-4.4749522e+09,1.0981997e+10,-1.545695e+10,0.64249874,2796,8257127,1,606.38949,620,595,-1
2025-02-10,604.85,604,605.4999,602.74,604.85,0.0067683276,0.0045939378,-9.6946412e+08,1.3878859e+10,-1.4848323e+10,0.65356103,2726,8559731,0.9985801,605.85013,620,595,-1
2025-02-11,605.31,602.5,605.86,602.43,605.31,0.00076023009,0.0056708275,-1.6240161e+09,1.3779364e+10,-1.540338e+10,0.6493453,2800,8787505,0.99982543,606.86648,620,595,-1
2025-02-12,603.36,599.26,604.55,598.51,603.36,-0.00322669,0.0099783582,-4.1538895e+09,1.3289525e+10,-1.7443414e+10,0.67077026,2724,8779428,1,607.02882,610,600,-1
2025-02-13,609.73,604.43,609.94,603.2,609.73,0.010502203,0.011170777,3.8663637e+09,1.7390114e+10,-1.352375e+10,0.66357944,2699,8946614,0.99750241,606.33732,610,595,1
2025-02-14,609.7,609.98,610.99,609.07,609.7,-4.9203316e-05,0.0031489348,1.6562883e+09,1.5750641e+10,-1.4094353e+10,0.63353756,2851,8795085,0.99992814,608.34122,620,595,1
2025-02-18,611.49,610.86,611.49,608.38,611.49,0.0029315688,0.0051008693,3.5514631e+09,1.7106203e+10,-1.355474e+10,0.63180512,2792,8944295,0.98969421,608.88892,615,595,1
2025-02-19,612.93,610.04,613.23,609.56,612.93,0.0023521352,0.0060017335,4.1821024e+09,1.7695102e+10,-1.3513e+10,0.84976908,2634,8688333,0.98836255,610.58677,615,605,1
2025-02-20,610.38,611.51,611.684,607.02,610.38,-0.0041690229,0.0076093518,-1.2891746e+08,1.7823253e+10,-1.7952171e+10,0.81911319,2927,9253333,0.99533963,610.45555,620,595,-1
2025-02-21,599.94,610.24,610.3,599.47,599.94,-0.017252064,0.017743045,-8.6717378e+09,8.8721998e+09,-1.7543938e+10,0.73914879,2956,8421864,1,610.37293,620,595,-1
2025-02-24,597.21,601.98,603.03,596.49,597.21,-0.0045608399,0.01090109,-9.8097034e+09,9.8443407e+09,-1.9654044e+10,0.75588235,2981,9255925,1,607.02303,620,595,-1
2025-02-25,594.24,597.2,597.89,589.56,594.24,-0.0049855322,0.013948192,-1.1484669e+10,9.4414231e+09,-2.0926092e+10,0.75704327,2912,9743028,1,606.40311,620,595,-1
2025-02-26,594.54,596.02,599.58,591.8556,594.54,0.00050471913,0.012998788,-9.7964145e+09,1.0793338e+10,-2.0589752e+10,0.76805682,3184,10115865,1,605.20923,620,595,-1
2025-02-27,585.05,596.82,598.02,584.65,585.05,-0.016090684,0.022487974,-1.3687857e+10,7.7883982e+09,-2.1476256e+10,0.74789171,3123,10047103,1,600.73988,610,580,-1
2025-02-28,594.18,585.57,594.72,582.44,594.18,0.01548499,0.020989659,-6.1259931e+09,1.0271088e+10,-1.6397081e+10,0.70182176,3018,9303045,0.99682265,603.08974,610,580,-1
2025-03-03,583.77,596.11,597.34,579.9,583.77,-0.017675234,0.029351375,-1.2413909e+10,7.3992494e+09,-1.9813158e+10,0.7621137,3218,9980675,1,602.70131,610,580,-1
2025-03-04,576.86,579.62,585.39,572.25,576.86,-0.011907467,0.022508865,-1.4922614e+10,6.0016419e+09,-2.0924256e+10,0.74767752,2992,9986823,1,598.7076,610,580,-1
2025-03-05,583.06,576.63,584.88,573.0795,583.06,0.010690494,0.020456437,-1.1106052e+10,9.066523e+09,-2.0172575e+10,0.75778972,3396,10799596,0.99893709,599.86207,610,580,-1
2025-03-06,572.71,575.47,580.1736,570.12,572.71,-0.017910617,0.017242822,-1.4512934e+10,6.5193027e+09,-2.1032236e+10,0.74461138,3417,10957274,1,596.65416,610,575,-1
2025-03-07,575.92,570.87,577.39,565.63,575.92,0.0055892818,0.020533953,-1.1624767e+10,7.8408295e+09,-1.9465596e+10,0.72638449,3675,10864492,0.99839588,597.4732,610,560,-1
2025-03-10,560.58,567.55,569.54,555.59,560.58,-0.0269968,0.024222114,-1.5501542e+10,5.0663156e+09,-2.0567858e+10,0.71755759,3820,11561021,1,594.74322,610,565,-1
2025-03-11,555.92,559.46,564.02,552.02,555.92,-0.008347563,0.021406401,-1.475555e+10,5.2884991e+09,-2.0044049e+10,0.70785132,3413,11269480,1,585.98105,610,550,-1
2025-03-12,558.87,562.22,563.11,553.69,558.87,0.005292489,0.016944884,-1.4816426e+10,6.7044212e+09,-2.1520847e+10,0.7136952,3750,12000925,0.99772076,589.60451,610,550,-1
2025-03-13,551.42,558.5,559.105,549.68,551.42,-0.013420119,0.016864387,-1.5083113e+10,5.3027613e+09,-2.0385874e+10,0.69247594,3454,10709958,1,580.27122,600,550,-1
2025-03-14,562.81,556.1,563.83,555.5,562.81,0.020445324,0.015106452,-1.2114697e+10,8.1605805e+09,-2.0275277e+10,0.68449225,3850,11402532,0.99624706,586.24398,610,550,-1
2025-03-17,567.15,562.72,569.71,562.35,567.15,0.0076817256,0.013077237,-1.1703109e+10,9.7523233e+09,-2.1455432e+10,0.69039934,3790,11618814,0.99869247,586.35912,610,560,-1
2025-03-18,561.02,564.78,565.02,559.06,561.02,-0.010867263,0.010508684,-1.6163082e+10,7.7299818e+09,-2.3893064e+10,0.84176341,3782,11956045,0.99962772,587.43747,610,550,-1
2025-03-19,567.13,562.85,570.95,561.63,567.13,0.010831999,0.016612598,-1.4120464e+10,1.0818195e+10,-2.4938658e+10,0.84954122,3654,11768431,0.99885159,587.15817,582,560,-1
2025-03-20,565.49,563.31,570.57,562.6012,565.49,-0.0028959424,0.014051099,-1.5203343e+10,1.0471462e+10,-2.5674805e+10,0.83492087,3751,11429812,0.9984914,588.65839,570,560,-1
2025-03-21,563.98,559.43,564.89,558.03,563.98,-0.0026738221,0.012131072,-6.5721927e+09,6.9071307e+09,-1.3479323e+10,0.70018348,3058,8197766,1,575.70965,600,560,-1
2025-03-24,574.08,570.78,575.15,570.2,574.08,0.01774997,0.008776907,-1.280925e+09,1.0571981e+10,-1.1852906e+10,0.69685018,3198,8540919,1,576.1885,580,560,-1
2025-03-25,575.46,575.26,576.41,573.69,575.46,0.0024009615,0.0047380156,-1.9780918e+09,1.1413347e+10,-1.3391439e+10,0.70188828,3119,8901091,1,577.60111,580,560,-1
2025-03-26,568.59,575.19,576.33,567.19,568.59,-0.012010109,0.015882946,-6.9815525e+09,8.9988362e+09,-1.5980389e+10,0.70376938,3107,9459977,1,576.94504,600,560,-1
2025-03-27,567.08,567.17,570.9,564.94,567.08,-0.0026592248,0.01048207,-7.4482333e+09,9.1066743e+09,-1.6554908e+10,0.71061458,3017,9405349,1,574.74383,580,560,-1
2025-03-28,555.66,565.48,566.2675,555.07,555.66,-0.020343791,0.019745891,-1.2251227e+10,5.0430055e+09,-1.7294233e+10,0.67504757,3262,9314195,0.99982639,577.03393,610,550,-1
2025-03-31,559.39,549.88,560.7112,546.87,559.39,0.0066903079,0.024909477,-7.8414455e+09,6.6685731e+09,-1.4510019e+10,0.69944182,3149,8857960,0.99961899,575.9855,580,545,-1
2025-04-01,560.97,557.48,562.94,553.68,560.97,0.0028205238,0.016553746,-7.2012849e+09,8.4642945e+09,-1.5665579e+10,0.71847668,3184,9523055,1,574.23478,580,550,-1
2025-04-02,564.52,555,567.42,554.81,564.52,0.0063083844,0.02247892,-6.7214049e+09,8.7181843e+09,-1.5439589e+10,0.71058248,3179,9416565,1,573.99745,580,550,-1
2025-04-03,536.7,545.07,547.97,536.7,536.7,-0.050536533,0.019963863,-1.2930208e+10,3.1122053e+09,-1.6042413e+10,0.67566818,3196,9225787,1,569.65664,590,545,-1
2025-04-04,505.28,523.86,525.87,505.06,505.28,-0.060326548,0.038773989,-9.4324454e+09,1.5598216e+09,-1.0992267e+10,0.60260654,3621,9130135,1,,575,525,-1
2025-04-07,504.38,489.23,523.17,481.8,504.38,-0.0017827788,0.081875396,-8.6553319e+09,2.5808928e+09,-1.1236225e+10,0.62685578,3141,9173205,1,,575,510,-1
2025-04-08,496.48,522,524.98,489.16,496.48,-0.015786752,0.071017883,-9.0706467e+09,2.4047019e+09,-1.1475349e+10,0.64359746,3961,10567512,0.9999982,,590,490,-1
2025-04-09,548.62,493.5,548.62,493.05,548.62,0.099862834,0.11192797,-3.5447046e+09,8.3863617e+09,-1.1931066e+10,0.65202756,3593,11339516,0.99881274,561.58823,575,525,-1
2025-04-10,524.58,532.06,533.495,509.32,524.58,-0.044808092,0.044065109,-8.5412674e+09,5.4437418e+09,-1.3985009e+10,0.66505451,3874,11682944,1,560.05642,575,525,-1
2025-04-11,533.94,523.12,536.43,520.07,533.94,0.017685531,0.031186854,-7.2372045e+09,6.1443209e+09,-1.3381525e+10,0.63191669,4083,11416114,1,565.55633,580,525,-1
2025-04-14,539.12,544,544.28,533.86,539.12,0.0096547075,0.019515301,-7.3982217e+09,7.3093808e+09,-1.4707603e+10,0.63394249,3690,11076365,0.9991936,561.45793,580,525,-1
2025-04-15,537.61,539.61,543.23,536.81,537.61,-0.0028047904,0.011908295,-8.3379187e+09,7.471553e+09,-1.5809472e+10,0.63662916,3682,10760575,1,556.66051,580,540,-1
2025-04-16,525.66,531.74,535.11,520.29,525.66,-0.022478774,0.027566452,-9.1395498e+09,5.408689e+09,-1.4548239e+10,0.7886643,3455,9979347,1,545.31536,580,525,-1
2025-04-17,526.41,527.5,531.165,523.91,526.41,0.0014257609,0.013801697,-5.7892189e+09,4.572156e+09,-1.0361375e+10,0.67532537,3452,8550415,1,550.05375,580,525,-1
2025-04-21,513.88,521.11,521.7,508.46,513.88,-0.024090602,0.025151498,-7.5449683e+09,3.3666933e+09,-1.0911662e+10,0.67565094,3632,8865303,0.99998962,555.64066,580,500,-1
2025-04-22,527.25,520.1,529.305,519.1925,527.25,0.025685044,0.019678719,-4.9623321e+09,6.0937834e+09,-1.1056116e+10,0.69033094,3513,9484204,0.99987379,548.80517,580,525,-1
2025-04-23,535.42,540.39,545.43,533.88,535.42,0.015376666,0.021906117,-3.4064313e+09,7.2315377e+09,-1.0637969e+10,0.69321735,3575,9490861,1,547.71424,580,525,-1
2025-04-24,546.69,536.76,547.43,535.4504,546.69,0.020830429,0.022374211,-9.2196048e+08,9.168308e+09,-1.0090268e+10,0.67690047,3453,9700470,1,549.15675,550,525,-1
2025-04-25,550.64,546.69,551.05,543.69,550.64,0.0071993239,0.01346284,-6.4208686e+08,8.9333089e+09,-9.5753958e+09,0.64995053,3409,9082513,0.99999923,552.47075,560,545,-1
2025-04-28,550.85,551.34,553.55,545.02,550.85,0.0003813017,0.015491065,-1.1670051e+09,8.8337949e+09,-1.00008e+10,0.64288799,3227,9020115,0.99920433,554.01766,560,545,-1
2025-04-29,554.32,548.93,555.45,548.55,554.32,0.0062795975,0.012526096,-1.6800901e+08,9.6460454e+09,-9.8140544e+09,0.646368,3284,9287044,0.99972176,554.71944,560,540,-1
2025-04-30,554.54,547.58,556.52,541.52,554.54,0.00039680393,0.027060182,-1.9317988e+09,7.9504755e+09,-9.8822743e+09,0.67349477,3261,8782038,1,559.26614,580,540,-1
2025-05-01,558.47,560.37,564.0699,557.86,558.47,0.0070619605,0.01119829,3785661.1,8.9588587e+09,-8.955073e+09,0.65625235,3320,8966404,0.99308195,558.46047,560,540,1
2025-05-02,566.76,564.65,568.38,562.38,566.76,0.014735032,0.010743639,1.2246951e+09,9.1413965e+09,-7.9167014e+09,0.61252743,3777,8739191,1,563.50682,575,545,1
2025-05-05,563.51,562.48,566.65,561.7,563.51,-0.0057508541,0.0087338556,-1.3416852e+09,8.5895532e+09,-9.9312384e+09,0.62006487,3563,9050804,0.99811939,566.51569,575,540,-1
2025-05-06,558.8,557.89,563.3476,556.96,558.8,-0.0083934522,0.01133538,-3.4591764e+09,8.0231837e+09,-1.148236e+10,0.6295168,3741,9435868,0.99991437,566.35742,580,550,-1
2025-05-07,561.15,560.12,563.82,556.04,561.15,0.0041966221,0.013922691,-2.5716194e+09,8.5590366e+09,-1.1130656e+10,0.63341405,3720,9387698,0.99999989,566.22731,580,550,-1
2025-05-08,565.06,565.3,570.31,561.7,565.06,0.0069436707,0.015343491,-1.5349173e+08,1.008092e+10,-1.0234412e+10,0.63267362,3826,9373580,0.99998058,565.32887,575,550,-1
2025-05-09,564.34,566.41,567.5,562.7637,564.34,-0.0012750135,0.0083819417,-1.2717097e+09,8.7570163e+09,-1.0028726e+10,0.5828487,3737,9278109,0.99989481,567.08065,580,555,-1
2025-05-12,582.99,581.53,583,577.04,582.99,0.032513127,0.010561009,7.2910599e+09,1.2961867e+10,-5.6708069e+09,0.55961162,3524,9084491,0.99475634,568.27893,580,540,1
2025-05-13,586.84,583.39,589.08,582.84,586.84,0.0065821767,0.010703443,6.297962e+09,1.3274119e+10,-6.9761568e+09,0.56374343,3430,9462510,0.98710416,575.38229,590,550,1
2025-05-14,587.59,587.83,588.98,585.535,587.59,0.0012772155,0.0058704246,4.2542292e+09,1.340948e+10,-9.1552511e+09,0.59394661,3376,9482454,0.99945236,579.5016,600,550,1
2025-05-15,590.46,585.59,590.97,585.0969,590.46,0.0048724684,0.0099952348,5.2076233e+09,1.4365563e+10,-9.1579397e+09,0.59798651,3355,8835962,0.98599247,582.92688,600,575,1
2025-05-16,594.2,591.2,594.5,589.28,594.2,0.0063140689,0.008840565,4.2939334e+09,1.1641946e+10,-7.3480128e+09,0.49380373,3133,7371735,0.99622382,586.23603,600,575,1
2025-05-19,594.85,588.14,595.54,588.1,594.85,0.0010933099,0.012521037,3.4196765e+09,1.1922454e+10,-8.5027776e+09,0.50877732,3014,7607597,0.99275514,588.87994,600,575,1
2025-05-20,592.85,593.12,594.05,589.6,592.85,-0.003367857,0.0074808775,2.1805556e+09,1.2530606e+10,-1.0350051e+10,0.51801765,2969,8013296,0.99222255,589.35962,600,575,1
2025-05-21,582.86,588.5,592.58,581.82,582.86,-0.016994396,0.018149616,-3.1108471e+09,9.8883426e+09,-1.299919e+10,0.78638766,3155,8279599,0.99800159,588.47671,600,575,-1
2025-05-22,583.09,582.65,586.62,581.405,583.09,0.00039452807,0.0089472601,-3.5505083e+09,1.128443e+10,-1.4834938e+10,0.74449728,3229,9511897,0.99984241,588.23773,600,575,-1
2025-05-23,579.11,575.81,581.8101,575.6,579.11,-0.0068491061,0.010650328,-3.3902829e+09,9.3466954e+09,-1.2736978e+10,0.6937572,3197,9176189,0.99856792,586.50965,600,575,-1
2025-05-27,591.15,586.14,591.31,578.43,591.15,0.02057735,0.022241025,2.579869e+09,1.2841028e+10,-1.0261159e+10,0.69191521,3147,9007188,1,586.51358,600,575,1
2025-05-28,587.73,591.52,592.7688,586.985,587.73,-0.0058021335,0.0097839804,95985124,1.2220457e+10,-1.2124472e+10,0.70597982,3074,8982481,0.99991851,587.5697,600,575,1
2025-05-29,590.05,593.13,593.2,586.07,590.05,0.0039396203,0.012131421,2.2327125e+09,1.38302e+10,-1.1597488e+10,0.71300787,2949,9007766,0.9986102,587.31905,600,575,1
2025-05-30,589.39,588.9,591.1299,583.235,589.39,-0.0011191753,0.013380053,5.6742008e+08,1.1095896e+10,-1.0528476e+10,0.65062991,3101,8405661,0.99961514,588.25192,600,575,1
2025-06-02,592.71,587.75,592.79,585.06,592.71,0.0056171368,0.013115255,1.9312368e+09,1.2088134e+10,-1.0156897e+10,0.70551596,3368,8701124,1,589.32801,600,575,1
2025-06-03,596.09,592.39,597.08,591.85,596.09,0.0056864218,0.0088238768,3.862856e+09,1.3471123e+10,-9.6082674e+09,0.70983829,3199,8747350,0.99696502,589.87425,600,575,1
2025-06-04,595.93,597,597.95,595.49,595.93,-0.00026845187,0.0041268936,2.7867651e+09,1.3643846e+10,-1.0857081e+10,0.71665202,3457,9029077,0.99991228,591.72143,600,585,1
2025-06-05,593.05,597.64,599,591.05,593.05,-0.004844498,0.013340493,-1.7869475e+08,1.2973665e+10,-1.3152359e+10,0.72114363,3475,9394271,0.99999564,593.31919,600,585,-1
2025-06-06,599.14,598.6,600.83,596.86,599.14,0.010216581,0.0066942079,3.7886015e+09,1.3920346e+10,-1.0131744e+10,0.68764051,3315,9046261,0.99784563,593.20135,600,550,1
2025-06-09,599.68,599.71,601.25,598.49,599.68,0.00090088593,0.0046066028,3.234858e+09,1.415744e+10,-1.0922582e+10,0.67282706,3155,9495932,0.98166288,594.96847,600,585,1
2025-06-10,603.08,600.24,603.47,599.09,603.08,0.0056536783,0.0073038954,4.3948568e+09,1.4452353e+10,-1.0057496e+10,0.66191495,2854,9242418,0.94614613,596.69756,600,570,1
2025-06-11,601.36,604.14,605.06,599.27,601.36,-0.002856101,0.0096007163,2.7711459e+09,1.506292e+10,-1.2291774e+10,0.6927852,3266,9454668,0.99739092,597.62818,600,585,1
2025-06-12,603.75,600,603.75,599.52,603.75,0.0039664481,0.0070340561,4.6145857e+09,1.6641314e+10,-1.2026729e+10,0.69541041,3093,9719608,0.98354615,598.56414,605,585,1
2025-06-13,597,598.51,601.85,595.48,597,-0.011243092,0.010550725,-1.5172244e+09,1.2625094e+10,-1.4142318e+10,0.65750311,3304,9642372,0.99975919,599.77794,600,585,-1
2025-06-16,602.68,600.34,604.45,600.22,602.68,0.0094692625,0.0070854271,2.8655619e+09,1.5304235e+10,-1.2438673e+10,0.66333959,3232,9521822,0.99526645,598.48007,600,590,1
2025-06-17,597.53,600.17,601.75,596.76,597.53,-0.0085818842,0.0082796841,-1.3749917e+09,1.3876869e+10,-1.5251861e+10,0.66236233,3110,10062850,0.9758786,599.85362,600,590,-1
2025-06-18,597.44,598.45,601.22,596.47,597.44,-0.0001506314,0.0079493917,76798528,1.5931127e+10,-1.5854329e+10,0.82487412,3091,10048947,0.99447076,597.34744,600,590,1
2025-06-20,594.28,598.47,599.46,592.86,594.28,-0.0053032716,0.011047134,-4.5807152e+09,8.2600968e+09,-1.2840812e+10,0.71218169,2762,7499521,1,602.38516,615,590,-1
2025-06-23,600.15,595.02,600.54,591.89,600.15,0.0098290352,0.014555428,-8.0086591e+08,1.118736e+10,-1.1988226e+10,0.73467302,2819,7528745,0.99995046,601.44945,605,590,-1
2025-06-24,606.78,604.36,607.8499,603.41,606.78,0.010986663,0.0073979838,3.0243631e+09,1.3111239e+10,-1.0086876e+10,0.72966118,2792,7874832,0.99997079,602.38946,605,590,1
2025-06-25,607.12,607.9,608.61,605.54,607.12,0.00056017795,0.0050594944,2.2887623e+09,1.3841652e+10,-1.155289e+10,0.75104586,2787,8122247,0.99691071,604.51146,610,590,1
2025-06-26,611.87,608.95,612.31,608.37,611.87,0.0077933766,0.0064896561,5.2592022e+09,1.4539782e+10,-9.28058e+09,0.72794272,2638,7958227,0.99408034,606.41052,615,590,1
2025-06-27,614.91,612.94,616.39,610.83,614.91,0.004956074,0.0090868975,4.2648629e+09,1.2977325e+10,-8.712462e+09,0.68987767,2641,7614274,0.99445554,610.06037,615,590,1
2025-06-30,617.85,617.43,619.22,615.04,617.85,0.0047697939,0.0067977428,4.2325155e+09,1.275805e+10,-8.5255348e+09,0.66714865,2692,7548175,0.99500237,612.46099,620,590,1
2025-07-01,617.65,616.33,618.83,615.52,617.65,-0.00032375557,0.0053572874,2.4360145e+09,1.3134919e+10,-1.0698905e+10,0.73555453,2653,7942008,0.99539084,614.8818,620,600,1
2025-07-02,620.45,617.29,620.49,616.61,620.45,0.0045230672,0.0062818748,3.5753291e+09,1.3710694e+10,-1.0135365e+10,0.74206724,2671,8093561,0.99817237,615.82018,620,600,1
2025-07-03,625.34,622.47,626.28,622.43,625.34,0.0078504806,0.0062051737,2.9882887e+09,1.1410485e+10,-8.4221965e+09,0.68156554,2876,7812647,0.99922011,619.54057,630,590,1
2025-07-07,620.68,623.31,624.03,617.87,620.68,-0.0074798506,0.0098506413,-3.2982139e+08,1.1209857e+10,-1.1539679e+10,0.69128558,2895,8148415,0.99341283,621.27316,630,600,-1
2025-07-08,620.34,621.39,622.11,619.52,620.34,-0.00054793639,0.0041728427,3.2722202e+08,1.3059691e+10,-1.2732469e+10,0.71286179,2993,8419933,1,619.97227,625,600,1
2025-07-09,624.06,622.73,624.72,620.9105,624.06,0.0059788028,0.0061409872,2.958181e+09,1.4331694e+10,-1.1373513e+10,0.71894048,3022,8575920,1,621.14129,625,600,1
2025-07-10,625.82,624.21,626.8701,623.01,625.82,0.0028162722,0.0061854629,3.1871253e+09,1.452006e+10,-1.1332935e+10,0.70218665,3040,8594741,0.98448889,623.04568,630,600,1
2025-07-11,623.62,622.77,624.86,621.53,623.62,-0.0035215813,0.0053210188,-4.9358729e+08,1.220287e+10,-1.2696458e+10,0.65940965,3112,8690953,0.99273762,624.25238,630,610,-1
2025-07-14,624.81,623.2,625.1581,621.7999,624.81,0.001906395,0.0053850101,5.9072004e+08,1.2857431e+10,-1.2266711e+10,0.65008014,3102,8850088,0.99628772,624.08717,630,610,1
2025-07-15,622.14,627.56,627.86,622.075,622.14,-0.0042824557,0.0092588147,-1.932396e+09,1.2534915e+10,-1.4467311e+10,0.65845309,2939,8570720,0.99624699,624.20135,630,610,-1
2025-07-16,624.22,623.76,624.73,618.05,624.22,0.0033377225,0.010737133,4.7249983e+08,1.4635578e+10,-1.4163078e+10,0.81774273,2975,8774185,0.98591413,623.80882,630,600,1
2025-07-17,628.04,624.42,628.4048,624.18,628.04,0.0061009884,0.0067681266,4.4463835e+09,1.6499313e+10,-1.2052929e+10,0.81331333,3018,8579247,0.99995897,624.67653,630,610,1
2025-07-18,627.58,629.32,629.47,626.46,627.58,-0.00073270579,0.0047926884,-4.4733353e+08,1.0853265e+10,-1.1300599e+10,0.74560175,2846,7002549,0.99944634,628.14597,630,620,-1
2025-07-21,628.77,628.74,631.54,628.34,628.77,0.0018943771,0.0050989515,1.5412997e+08,1.1742407e+10,-1.1588277e+10,0.75124823,2755,7077983,1,628.60869,630,610,1
2025-07-22,628.86,629.05,629.73,626.19,628.86,0.00014312636,0.0056300396,-1.6618333e+09,1.2272932e+10,-1.3934765e+10,0.76171967,2753,7408094,0.99975986,630.34261,630,620,-1
2025-07-23,634.21,631.53,634.21,629.73,634.21,0.0084714735,0.0071240022,3.1801925e+09,1.3947869e+10,-1.0767677e+10,0.75899438,2781,7347001,0.99997945,631.1967,630,620,1
2025-07-24,634.42,634.65,636.15,633.99,634.42,0.0003310658,0.003405812,1.5349933e+09,1.4248382e+10,-1.2713389e+10,0.76055377,2873,7647835,1,633.26261,640,620,1
2025-07-25,637.1,635.12,637.5799,634.84,637.1,0.0042154334,0.0043187478,1.5881805e+09,1.274726e+10,-1.115908e+10,0.708691,2747,7498431,0.99108627,635.27463,640,620,1
2025-07-28,636.94,637.49,638.04,635.54,636.94,-0.00025116951,0.0039240308,1.0558476e+09,1.3856723e+10,-1.2800875e+10,0.72149915,2996,7823248,1,635.98663,640,620,1
2025-07-29,635.26,638.36,638.67,634.335,635.26,-0.0026410957,0.0068059786,-1.1120248e+09,1.3511606e+10,-1.4623631e+10,0.72115777,2941,8092748,0.99264848,636.35122,640,620,-1
2025-07-30,634.46,636,637.68,631.54,634.46,-0.0012601205,0.0096653339,-4.5571626e+09,1.2058641e+10,-1.6615804e+10,0.7840052,2849,8082890,1,637.61164,640,635,-1
2025-07-31,632.08,639.55,639.85,630.765,632.08,-0.003758275,0.014319264,-3.9405088e+09,1.1798114e+10,-1.5738623e+10,0.75411111,2880,7653594,0.99978402,635.56166,640,620,-1
2025-08-01,621.72,626.26,626.34,619.29,621.72,-0.016526138,0.011153651,-9.6444195e+09,7.032321e+09,-1.667674e+10,0.67406121,2947,8084414,1,637.82447,640,610,-1
2025-08-04,631.17,625.67,631.215,625.58,631.17,0.015085409,0.0090635656,-3.2740835e+09,1.1642996e+10,-1.491708e+10,0.70171038,3019,8003137,1,635.02857,640,620,-1
2025-08-05,627.97,631.77,632.6052,627.04,627.97,-0.0050828453,0.0088172759,-7.3432348e+09,1.0937694e+10,-1.8280929e+10,0.71136221,2912,8263057,1,634.93028,640,620,-1
2025-08-06,632.78,629.09,633.44,628.13,632.78,0.0076304158,0.008455818,-1.8881995e+09,1.4100158e+10,-1.5988358e+10,0.7246066,2958,8152323,0.99978742,634.51448,640,620,-1
2025-08-07,632.25,636.22,636.98,629.11,632.25,-0.00083792484,0.012437182,-4.1608488e+09,1.3229327e+10,-1.7390176e+10,0.71852735,2923,8331435,1,634.99898,640,620,-1
2025-08-08,637.18,634.08,637.645,633.74,637.18,0.0077673047,0.0061763543,-4.4104905e+08,1.2296256e+10,-1.2737305e+10,0.6520033,2946,7982110,1,637.68045,640,620,-1
2025-08-11,635.92,637.45,638.95,634.66,635.92,-0.001979421,0.0067327914,-3.8090386e+09,1.1673177e+10,-1.5482216e+10,0.66201652,2927,8269710,0.98838823,640.4518,640,620,-1
2025-08-12,642.69,638.23,642.85,636.79,642.69,0.010589724,0.0095295006,2.8585063e+09,1.4820472e+10,-1.1961966e+10,0.66425918,2937,8370431,0.99898464,639.88393,645,620,1
2025-08-13,644.89,644.9,646.19,642.68,644.89,0.0034172667,0.00546142,2.4141821e+09,1.4739634e+10,-1.2325452e+10,0.66843288,2870,8411638,0.99164681,642.59713,650,620,1
2025-08-14,644.95,642.81,645.62,642.34,644.95,9.3034795e-05,0.0050861387,1.4323764e+08,1.3876257e+10,-1.3733019e+10,0.65715411,2728,8059141,0.99366061,644.85654,645,620,1
2025-08-15,643.44,646,646.09,642.5153,643.44,-0.0023440118,0.0055426002,-2.1929954e+09,1.0383595e+10,-1.2576591e+10,0.56858056,2774,6619490,0.99923438,646.50245,650,620,-1
2025-08-18,643.3,642.86,644,642.18,643.3,-0.00021760418,0.0028285466,-3.2435424e+09,1.0810785e+10,-1.4054327e+10,0.57727599,2862,6965827,0.99999842,646.55348,650,635,-1
2025-08-19,639.81,643.1,644.105,638.48,639.81,-0.0054399211,0.0087439764,-7.0498549e+09,9.8424383e+09,-1.6892293e+10,0.58225783,2803,7118130,1,646.55588,650,635,-1
2025-08-20,638.11,639.36,639.66,632.95,638.11,-0.002660575,0.010487488,-7.7129706e+09,1.0033813e+10,-1.7746784e+10,0.82160655,2798,7146933,0.99997817,646.78569,650,635,-1
2025-08-21,635.55,636.25,637.97,633.81,635.55,-0.0040199165,0.0065192522,-8.569147e+09,1.0583701e+10,-1.9152848e+10,0.77931506,2775,8236095,0.99999696,645.39748,650,635,-1
2025-08-22,645.31,637.72,646.5,637.25,645.31,0.015240056,0.014554323,1.3566602e+08,1.3109634e+10,-1.2973968e+10,0.74612349,2671,8034421,0.99893209,645.14334,650,635,1
2025-08-25,642.47,644,645.29,642.35,642.47,-0.0044106984,0.0045559499,-4.1880644e+09,1.2517372e+10,-1.6705436e+10,0.7502254,2731,8350254,1,645.83722,650,635,-1
2025-08-26,645.16,642.13,645.51,641.57,645.16,0.004178225,0.0061325821,-2.4436931e+09,1.3400966e+10,-1.5844659e+10,0.74002424,2704,8486147,1,647.29285,650,635,-1
2025-08-27,646.63,644.53,647.37,644.42,646.63,0.0022759127,0.0045725091,-1.1591487e+09,1.3776813e+10,-1.4935962e+10,0.74320173,2720,8473263,0.99994618,647.85557,650,635,-1
2025-08-28,648.92,647.25,649.48,645.34,648.92,0.0035351818,0.0064024249,1.8869645e+09,1.6518508e+10,-1.4631543e+10,0.75448684,2790,8567147,0.9998018,647.60287,650,635,1
2025-08-29,645.05,647.49,647.84,643.14,645.05,-0.0059816094,0.0072428034,-5.1564968e+09,1.0792058e+10,-1.5948555e+10,0.68386009,2630,7830111,0.99784882,650.63094,650,635,-1
2025-09-02,640.27,637.5,640.49,634.92,640.27,-0.0074378708,0.0086349895,-9.5203591e+09,9.7463566e+09,-1.9266716e+10,0.74982786,2771,8373940,1,649.40861,650,635,-1
2025-09-03,643.74,642.67,644.21,640.46,643.74,0.0054049555,0.0058569041,-4.3485111e+09,1.2625587e+10,-1.6974098e+10,0.7530243,2791,8558165,0.99908357,648.54894,650,635,-1
2025-09-04,649.12,644.42,649.15,643.51,649.12,0.0083226816,0.0087613011,-1.1824497e+08,1.4546136e+10,-1.4664381e+10,0.74721485,2758,8783705,0.99802339,649.24744,650,635,-1
2025-09-05,647.24,651.39,652.21,643.33,647.24,-0.0029004309,0.013680059,-1.3350701e+09,1.4056589e+10,-1.5391659e+10,0.73191087,2978,8526762,0.98172941,648.43735,650,635,-1
2025-09-08,648.83,648.59,649.84,647.23,648.83,0.0024535724,0.0040325073,82433103,1.5430832e+10,-1.5348399e+10,0.72720853,3436,8887198,0.99021323,648.76552,650,635,1
2025-09-09,650.33,649,650.86,647.22,650.33,0.0023091854,0.0056100982,28018368,1.5907301e+10,-1.5879283e+10,0.73133244,3535,8948073,0.99994815,650.30816,650,635,1
2025-09-10,652.21,653.61,654.55,650.63,652.21,0.0028866696,0.006027709,3.4446579e+08,1.6614114e+10,-1.6269648e+10,0.73864297,3621,9317395,0.99351256,651.90512,650,640,1
2025-09-11,657.63,654.14,658.33,653.59,657.63,0.0082758672,0.0072675979,4.914949e+09,1.8700625e+10,-1.3785676e+10,0.73772832,3677,9467322,0.9860722,653.59878,660,640,1
2025-09-12,657.41,657.62,659.11,656.9,657.41,-0.00033459059,0.0033605523,3.5438892e+08,1.6320921e+10,-1.5966532e+10,0.71491915,3653,9203808,0.96875467,657.08,660,640,1
2025-09-15,660.91,659.58,661.04,659.34,660.91,0.0053098007,0.0025859053,2.3532108e+09,1.5994242e+10,-1.3641031e+10,0.68875609,3385,9026350,0.97908789,658.33723,660,640,1
2025-09-16,660,661.42,661.78,659.21,660,-0.0013778382,0.0038885779,6.5906673e+08,1.6668836e+10,-1.600977e+10,0.70224988,3783,9789398,0.98578115,659.29565,665,640,1
2025-09-17,659.18,660.07,661.72,654.3,659.18,-0.0012431967,0.011242424,5.3464572e+08,1.7274256e+10,-1.673961e+10,0.83938918,3694,9797628,0.98223213,658.7045,660,640,1
2025-09-18,662.26,661.91,664.89,660.27,662.26,0.0046615897,0.0070087078,5.1354307e+09,2.0445817e+10,-1.5310386e+10,0.80427402,3444,10340447,0.96062288,658.39623,660,650,1
2025-09-19,663.7,662.37,664.55,660.37,663.7,0.0021720121,0.0063117205,1.4420911e+09,1.4390276e+10,-1.2948185e+10,0.7404716,3523,7562617,0.99996932,662.05752,670,650,1
2025-09-22,666.84,662.22,667.29,662.17,666.84,0.0047198969,0.0077143288,1.3120403e+09,1.4038601e+10,-1.2726561e+10,0.73268288,3317,7849470,0.99803452,665.19224,670,650,1
2025-09-23,663.21,666.72,667.34,661.98,663.21,-0.005458455,0.0080379101,-5.1737373e+09,1.4257857e+10,-1.9431595e+10,0.7734232,3412,8342210,1,667.30546,670,650,-1
2025-09-24,661.1,664.51,664.61,659.67,661.1,-0.0031865678,0.0074486211,-6.473036e+09,1.4731611e+10,-2.1204647e+10,0.78637385,3353,8627346,1,665.06106,670,660,-1
2025-09-25,658.05,657.98,659.4056,654.405,658.05,-0.0046241981,0.0075640599,-8.8890756e+09,1.4201128e+10,-2.3090203e+10,0.78311138,3471,8734036,0.99999931,664.34323,670,655,-1
2025-09-26,661.82,659.48,662.37,657.88,661.82,0.0057126994,0.0068231897,-2.2931876e+09,1.4788511e+10,-1.7081698e+10,0.73882745,3391,8297033,1,663.6212,670,650,-1
2025-09-29,663.68,664.34,665.28,661.86,663.68,0.00280649,0.0051675682,-3.6514108e+08,1.6245175e+10,-1.6610317e+10,0.74342366,3447,8125547,0.99923021,663.96086,670,650,-1
2025-09-30,666.18,662.94,666.65,661.61,666.18,0.0037597987,0.0075940212,1.1561415e+09,1.6586006e+10,-1.5429864e+10,0.72755325,3186,7705312,0.99577694,665.40967,670,650,1
2025-10-01,668.45,663.17,669.37,663.06,668.45,0.0034016951,0.0094719145,1.6384089e+09,1.7619887e+10,-1.5981478e+10,0.79099262,3266,8150217,0.99709308,667.35001,670,650,1
2025-10-02,669.22,670.45,670.565,666.78,669.22,0.0011512557,0.0056623532,9.4249954e+08,1.8438211e+10,-1.7495711e+10,0.7961068,3596,8390400,1,668.74367,670,650,1
2025-10-03,669.21,670.02,672.675,668.16,669.21,-1.4942881e-05,0.0067466603,-1.8251308e+09,1.2608258e+10,-1.4433389e+10,0.70996785,3482,7995296,0.99929546,671.43559,670,655,-1
2025-10-06,671.61,671.65,672.51,669.455,671.61,0.0035799027,0.0045650842,-5.012719e+08,1.3616328e+10,-1.41176e+10,0.71198332,3472,8181162,1,672.08742,680,655,-1
2025-10-07,669.12,672.56,672.99,667.67,669.12,-0.0037143987,0.0079212638,-4.770007e+09,1.2742236e+10,-1.7512243e+10,0.72602674,3416,8304743,1,673.31098,680,655,-1
2025-10-08,673.11,670.34,673.2056,669.42,673.11,0.0059453473,0.0056575801,4.4416281e+08,1.562159e+10,-1.5177427e+10,0.73921451,3401,8423219,1,672.72511,675,660,1
2025-10-09,671.16,673.52,673.94,669.21,671.16,-0.0029012049,0.0070270832,-4.0181973e+09,1.5435879e+10,-1.9454076e+10,0.75892341,3441,8690763,0.99999678,673.81336,675,660,-1
2025-10-10,653.02,672.12,673.95,652.84,653.02,-0.027399802,0.031453007,-1.0481519e+10,7.6559037e+09,-1.8137423e+10,0.64433131,3181,8849826,1,671.23572,675,650,-1
2025-10-13,663.04,660.68,665.13,659.7679,663.04,0.015227564,0.008211234,-4.5863511e+09,1.3444304e+10,-1.8030655e+10,0.68262568,3393,8782177,0.99993578,668.28338,675,650,-1
2025-10-14,662.23,657.29,665.83,653.17,662.23,-0.0012223926,0.019093871,-5.5666287e+09,1.2838964e+10,-1.8405593e+10,0.67175098,3228,9624296,0.99729965,668.16353,675,650,-1
2025-10-15,665.17,666.78,670.23,658.93,665.17,0.0044297195,0.017063558,-2.9600253e+09,1.4466641e+10,-1.7426666e+10,0.68629623,3407,9133009,1,668.3719,675,650,-1
2025-10-16,660.64,666.89,668.71,657.11,660.64,-0.0068335849,0.017439151,-6.3457582e+09,1.2305612e+10,-1.865137e+10,0.68172526,3267,9612177,0.99967437,667.07932,665,650,-1
2025-10-17,664.39,659.47,665.755,658.14,664.39,0.0056602643,0.011526701,-3.9973299e+09,9.6631792e+09,-1.3660509e+10,0.54722193,3217,7403443,1,670.9233,675,650,-1
2025-10-20,671.3,667.34,672.21,667.27,671.3,0.010346804,0.0074353919,-88296116,1.2125052e+10,-1.2213348e+10,0.54263901,3292,7567930,1,671.41911,675,660,-1
2025-10-21,671.29,671.49,672.99,669.981,671.29,-1.489658e-05,0.0044823477,-1.6574742e+09,1.2653614e+10,-1.4311088e+10,0.57279509,3085,7815413,0.99928654,673.19273,675,660,-1
2025-10-22,667.8,671.92,672,663.3,667.8,-0.0052125069,0.012960122,-5.9265402e+09,1.1255581e+10,-1.7182121e+10,0.74936596,3136,8026545,1,673.63452,675,660,-1
2025-10-23,671.76,668.1,672.7101,667.8,671.76,0.0059124064,0.0073526505,-2.0927248e+08,1.5152447e+10,-1.536172e+10,0.75106699,3228,8363538,0.99999988,671.94562,675,660,-1
2025-10-24,677.25,676.48,678.47,675.65,677.25,0.0081393471,0.0041979278,1.8097772e+09,1.3739018e+10,-1.1929241e+10,0.70330922,3099,7990934,0.99893317,675.03428,680,660,1
2025-10-27,685.24,682.77,685.54,682.115,685.24,0.011728661,0.0050572167,5.196063e+09,1.5096073e+10,-9.9000105e+09,0.69663258,3279,8332897,1,678.08576,700,660,1
2025-10-28,687.06,687.12,688.905,684.83,687.06,0.0026524828,0.0059468216,3.5445921e+09,1.523202e+10,-1.1687428e+10,0.70741066,3179,8962470,0.9969813,682.27104,700,660,1
2025-10-29,687.39,688.75,689.7,682.87,687.39,0.00048019209,0.0099409076,2.5060229e+09,1.5598503e+10,-1.309248e+10,0.76569519,3113,8756508,0.9980394,684.64238,690,660,1
2025-10-30,679.83,683.84,685.94,679.83,679.83,-0.01105905,0.0088886949,-5.8401278e+09,1.2995339e+10,-1.8835467e+10,0.77138762,3425,9220143,1,683.474,700,680,-1
2025-10-31,682.06,685.07,685.08,679.24,682.06,0.0032748636,0.0085903829,-2.1240687e+09,1.2132771e+10,-1.425684e+10,0.71855883,3484,8129656,0.99992275,684.62501,700,670,-1
2025-11-03,683.34,685.64,685.8,679.94,683.34,0.001874909,0.0085916195,-1.6511902e+09,1.2814262e+10,-1.4465453e+10,0.71225422,3449,8321492,0.99997633,685.0246,700,670,-1
2025-11-04,675.24,676.13,679.96,674.58,675.24,-0.011924356,0.0078730939,-8.8755712e+09,1.00602e+10,-1.8935771e+10,0.70431918,3399,9056500,1,684.6307,700,670,-1
2025-11-05,677.58,675.04,680.86,674.17,677.58,0.0034594437,0.0099075884,-4.9283537e+09,1.2905109e+10,-1.7833463e+10,0.72796856,3483,9115746,0.99998848,682.47835,700,670,-1
2025-11-06,670.31,676.54,677.38,668.72,670.31,-0.010787335,0.012780779,-1.0534454e+10,9.9231464e+09,-2.04576e+10,0.71799656,3263,9144789,1,678.59245,700,670,-1
2025-11-07,670.97,667.98,671.08,661.205,670.97,0.00098413464,0.01473199,-6.0652224e+09,1.0467272e+10,-1.6532494e+10,0.66852962,3362,8878644,1,678.93113,700,660,-1
2025-11-10,681.44,677.18,682.18,675.03,681.44,0.01548378,0.010656214,2.5591347e+09,1.5255673e+10,-1.2696539e+10,0.66708363,3518,8872025,1,677.85793,700,660,1
2025-11-11,683,679.98,683.57,678.73,683,0.0022866534,0.0071026062,2.0849435e+09,1.6006832e+10,-1.3921888e+10,0.67916612,3488,9153098,1,680.87347,700,660,1
2025-11-12,683.38,684.85,684.96,680.945,683.38,0.00055621424,0.0058784773,1.416849e+09,1.6030112e+10,-1.4613263e+10,0.69510126,3453,9198222,1,681.93388,700,660,1
2025-11-13,672.04,680.48,680.86,670.52,672.04,-0.016733211,0.015130674,-7.9219193e+09,1.142872e+10,-1.9350639e+10,0.685863,3418,9566713,1,678.83654,700,670,-1
2025-11-14,671.93,665.45,675.66,663.265,671.93,-0.00016369413,0.018443843,-5.7583962e+09,1.1287999e+10,-1.7046395e+10,0.63634618,3332,9350669,1,679.40154,700,660,-1
2025-11-17,665.67,669.73,673.71,662.17,665.67,-0.0093601162,0.017174408,-8.8774234e+09,9.71354e+09,-1.8590963e+10,0.62254732,3287,9529352,1,678.01907,700,660,-1
2025-11-18,660.08,662.13,665.12,655.86,660.08,-0.0084330125,0.013910797,-1.1049941e+10,9.0057978e+09,-2.0055739e+10,0.62349836,3418,9899389,0.99964826,676.70141,700,660,-1
2025-11-19,662.63,660.8,667.34,658.745,662.63,0.0038557252,0.013021149,-8.8353378e+09,1.0717679e+10,-1.9553017e+10,0.8230702,3499,10005361,0.9999981,674.48072,680,660,-1
2025-11-20,652.53,672.9,675.56,651.89,652.53,-0.01535965,0.035721292,-1.500369e+10,8.2829003e+09,-2.328659e+10,0.78197932,3774,11016313,1,672.32125,700,650,-1
2025-11-21,659.03,655.01,664.55,650.85,659.03,0.0099119418,0.020995203,-6.764179e+09,8.8780156e+09,-1.5642195e+10,0.70185843,3452,9672570,1,671.32583,700,640,-1
2025-11-24,668.73,662.72,670.06,661.59,668.73,0.014611334,0.012852222,-2.0633275e+09,1.2659373e+10,-1.4722701e+10,0.71606131,3389,9893151,1,671.49788,700,650,-1
2025-11-25,675.02,668.68,676.21,664.48,675.02,0.0093619288,0.017540711,2.5249621e+09,1.5897117e+10,-1.3372155e+10,0.72616889,3261,9703395,1,672.40123,680,645,1
2025-11-26,679.68,677.63,681.7,676.72,679.68,0.0068797791,0.0073775592,5.5356553e+09,1.7429252e+10,-1.1893597e+10,0.72965887,3264,9628350,1,674.64435,680,640,1
2025-11-28,683.39,680.95,683.665,680.5,683.39,0.0054436077,0.0046566031,3.6249068e+09,1.4809084e+10,-1.1184177e+10,0.68286274,2986,8948628,0.99427476,678.76485,700,640,1
2025-12-01,680.27,678.8,682.99,678.74,680.27,-0.0045759287,0.0062189965,22925865,1.3596582e+10,-1.3573656e+10,0.74914231,3297,9466695,0.99967761,680.24,700,670,1
2025-12-02,681.53,681.88,683.82,679.3275,681.53,0.0018504925,0.0066039955,8.0233006e+08,1.4901564e+10,-1.4099234e+10,0.75940567,3252,9101207,1,680.6886,700,670,1
2025-12-03,683.89,680.55,684.91,679.69,683.89,0.0034568153,0.0076592373,3.1165246e+09,1.6806605e+10,-1.369008e+10,0.77327274,3266,9157642,1,680.97704,700,670,1
2025-12-04,684.39,685.37,685.37,681.34,684.39,0.0007308446,0.0058927605,3.8443536e+09,1.8053937e+10,-1.4209583e+10,0.77798219,3192,9183768,0.99637175,681.35406,700,640,1
2025-12-05,685.69,685.45,688.39,684.58,685.69,0.0018977,0.0055670013,3.1801328e+09,1.57045e+10,-1.2524367e+10,0.74186546,3328,9006986,1,682.52622,700,640,1
2025-12-08,683.63,686.56,686.64,681.57,683.63,-0.003008795,0.0073940119,53149268,1.4690548e+10,-1.4637399e+10,0.7448568,3269,9128570,0.9959228,683.57275,700,660,1
2025-12-09,683.04,683.12,685.385,682.59,683.04,-0.00086341258,0.0040884689,1.0183376e+09,1.5878404e+10,-1.4860067e+10,0.75007272,3242,8790791,0.99210469,682.02856,700,660,1
2025-12-10,687.57,682.51,688.97,681.31,687.57,0.0066102195,0.01121457,5.302256e+09,1.8355979e+10,-1.3053723e+10,0.75668674,3146,8533755,0.98232056,682.74925,700,640,1
2025-12-11,689.17,685.11,689.25,682.165,689.17,0.0023243324,0.010304405,6.0710783e+09,1.9179125e+10,-1.3108047e+10,0.75343791,3363,8542537,0.99422502,684.74445,700,640,1
2025-12-12,681.76,688.17,688.88,679.1744,681.76,-0.010810285,0.014083027,-1.3303689e+09,1.3912816e+10,-1.5243185e+10,0.70458557,3413,8372131,0.99419527,683.05575,690,670,-1
2025-12-15,680.73,685.7,685.76,679.25,680.73,-0.001511938,0.0095488148,-2.1960917e+08,1.5711782e+10,-1.5931392e+10,0.70989473,3321,8743161,0.99582302,680.91565,690,660,-1
2025-12-16,678.87,679.14,681.08,674.98,678.87,-0.0027361006,0.0089609684,-2.4307396e+09,1.5529334e+10,-1.7960074e+10,0.71244663,3050,8977777,0.98110412,680.52862,690,660,-1
2025-12-17,671.4,679.92,680.435,671.195,671.4,-0.011064567,0.013610853,-8.9302726e+09,1.2754355e+10,-2.1684628e+10,0.8444904,3417,9640114,1,678.27428,700,670,-1
2025-12-18,676.47,677.65,680.74,674.9,676.47,0.0075230162,0.0086982425,5.1049737e+08,1.9362802e+10,-1.8852304e+10,0.8492307,2973,9116212,0.98802452,676.23833,680,670,1
2025-12-19,680.59,676.56,681.09,676.47,680.59,0.0060719683,0.0068295712,1.9632022e+09,1.5957114e+10,-1.3993911e+10,0.80249276,2707,7343418,1,678.87678,700,670,1
2025-12-22,684.83,683.88,685.36,682.68,684.83,0.0062105632,0.0039377599,5.6502372e+09,1.879228e+10,-1.3142043e+10,0.80536072,2545,7498356,0.99999667,681.48261,690,670,1
2025-12-23,687.96,683.94,688.2,683.87,687.96,0.0045600644,0.006322737,1.1073989e+10,2.4712836e+10,-1.3638847e+10,0.83414273,2475,7564247,0.99658076,683.97954,690,670,1
2025-12-24,690.38,687.98,690.83,687.8,690.38,0.0035114739,0.0044043258,1.27734e+10,2.6728138e+10,-1.3954738e+10,0.84354792,2376,7709723,0.98795339,686.49616,690,680,1
2025-12-26,690.31,690.68,691.66,689.27,690.31,-0.00010139858,0.0034618616,4.8573313e+09,2.0866005e+10,-1.6008673e+10,0.82322243,2435,7467508,0.99006389,688.28308,700,689,1
2025-12-29,687.85,687.52,689.2,686.07,687.85,-0.0035699812,0.0045341948,-2.7293013e+09,1.8656659e+10,-2.138596e+10,0.83504951,2707,7467540,0.99915046,688.93672,690,689,-1
2025-12-30,687.01,687.43,688.555,686.58,687.01,-0.0012219427,0.0028712655,-1.039921e+09,1.8015648e+10,-1.9055569e+10,0.82076848,2647,7327833,1,687.47725,690,684,-1
2025-12-31,681.92,687.11,687.36,681.71,681.92,-0.0074364992,0.0082240433,-6.2777931e+09,1.2274266e+10,-1.855206e+10,0.82405102,2585,6675480,1,685.52595,687,684,-1
2026-01-02,683.17,685.67,686.87,679.82,683.17,0.0018313816,0.010338456,-3.391541e+09,1.091355e+10,-1.4305091e+10,0.77135158,2788,6550006,0.99999985,685.81284,693,680,-1
2026-01-05,687.72,686.52,689.43,686.375,687.72,0.0066380478,0.0044718006,2.8871768e+09,1.5256995e+10,-1.2369818e+10,0.78269875,2895,6534224,0.99969805,685.54685,693,680,1
2026-01-06,691.81,687.86,692.315,687.78,691.81,0.0059295731,0.0065942535,5.1043402e+09,1.6725999e+10,-1.1621659e+10,0.77787501,2958,6793071,1,688.37079,693,680,1
2026-01-07,689.58,692.17,693.96,689.32,689.58,-0.0032286348,0.0067070438,-1.35314e+09,1.5579816e+10,-1.6932956e+10,0.80142172,3015,7500494,0.99724871,690.38551,693,680,-1
2026-01-08,689.51,688.81,690.615,687.49,689.51,-0.00010151622,0.004531744,-2.6906356e+09,1.6165566e+10,-1.8856201e+10,0.80612089,3049,7845070,0.9999912,691.12036,693,680,-1
2026-01-09,694.07,690.67,695.31,689.18,694.07,0.0065916196,0.0088903714,2.3280652e+09,1.5248397e+10,-1.2920332e+10,0.75185244,2986,7370540,0.99929612,692.21613,700,680,1
2026-01-12,695.16,690.72,696.09,690.63,695.16,0.0015692149,0.0078666417,1.1055252e+09,1.5525988e+10,-1.4420463e+10,0.74875503,3065,7699785,1,694.3549,700,680,1
2026-01-13,693.77,695.53,696.09,691.35,693.77,-0.0020015414,0.0068185741,-2.223613e+09,1.5436129e+10,-1.7659742e+10,0.76021874,3055,7713155,0.99997731,695.20023,700,680,-1
2026-01-14,690.36,691.04,691.72,686.04,690.36,-0.0049272928,0.0081871514,-7.450433e+09,1.4236138e+10,-2.1686571e+10,0.78154174,3058,7733491,0.99768164,694.72236,700,690,-1
2026-01-15,692.24,694.65,695.45,691.25,692.24,0.0027195156,0.0060837824,-2.7269031e+09,1.7297972e+10,-2.0024875e+10,0.77666978,2884,7578654,0.99917149,693.44906,695,680,-1
2026-01-16,691.66,693.65,694.25,690.1,691.66,-0.0008382109,0.0059950306,-4.3872946e+09,1.0882049e+10,-1.5269344e+10,0.6647365,2962,6348596,0.99992313,695.68779,695,680,-1
2026-01-20,677.58,681.45,684.77,676.57,677.58,-0.020566878,0.011855536,-1.3145362e+10,5.7686994e+09,-1.8914061e+10,0.62032235,2757,6731361,1,693.64089,700,680,-1
2026-01-21,685.4,679.73,688.735,678.13,685.4,0.011474982,0.015651288,-7.5524503e+09,1.093866e+10,-1.849111e+10,0.8210893,2769,6982355,1,691.76358,695,680,-1
2026-01-22,688.98,689.94,691.125,686.92,688.98,0.0052096336,0.0061351036,-3.6626591e+09,1.3735249e+10,-1.7397908e+10,0.82216383,3047,6966221,0.99991688,691.48348,695,680,-1
2026-01-23,689.23,688.17,690.96,687.16,689.23,0.00036278942,0.0055153996,-4.1042664e+09,1.0603905e+10,-1.4708171e+10,0.77439603,2899,6646256,0.99926966,693.53679,700,680,-1
2026-01-26,692.73,690.52,694.13,689.92,692.73,0.0050652804,0.0061082657,-1.4773157e+09,1.2791849e+10,-1.4269165e+10,0.77665114,3121,6942754,0.99999986,694.00162,695,675,-1
2026-01-27,695.49,694.18,696.53,693.57,695.49,0.0039763202,0.0042729491,-1.0498799e+09,1.3200982e+10,-1.4250862e+10,0.77206503,3102,7151860,0.99999762,696.42568,700,675,-1
2026-01-28,695.42,697.1,697.84,693.94,695.42,-0.00010065353,0.0056075573,-2.8175796e+09,1.3041423e+10,-1.5859003e+10,0.81549009,3162,7590425,0.99986391,697.76609,700,675,-1
2026-01-29,694.04,696.42,697.06,684.83,694.04,-0.0019863839,0.017586494,-3.0905938e+09,1.3489072e+10,-1.6579665e+10,0.80968607,3314,7470319,0.99936442,696.16736,700,675,-1
2026-01-30,691.97,691.91,694.21,687.12,691.97,-0.0029869937,0.01021555,-4.5647886e+09,1.0257915e+10,-1.4822703e+10,0.76034022,3303,6722438,0.99965355,697.71565,700,680,-1
2026-02-02,695.41,689.63,696.93,689.425,695.41,0.0049589976,0.010845846,-1.7169394e+09,1.2457506e+10,-1.4174446e+10,0.7573974,3342,7004248,1,696.95264,700,680,-1
2026-02-03,689.53,696.27,696.96,684.03,689.53,-0.0084913936,0.018593348,-8.3230105e+09,1.006898e+10,-1.839199e+10,0.76216466,3439,7279526,0.99999217,697.4215,700,680,-1
2026-02-04,686.19,690.35,691.45,681.76,686.19,-0.0048556488,0.014053051,-9.5216857e+09,9.5266067e+09,-1.9048292e+10,0.76737921,3206,7481466,1,695.14627,700,680,-1
2026-02-05,677.62,680.92,683.69,675.79,677.62,-0.012567898,0.011512846,-1.5009886e+10,7.3296499e+09,-2.2339536e+10,0.77414057,3441,7939018,0.99998816,694.43582,700,675,-1
2026-02-06,690.62,681.46,692.31,680.85,690.62,0.019003086,0.016912134,-2.0183887e+09,1.2691183e+10,-1.4709572e+10,0.74101804,3260,7003408,0.99918825,692.73632,700,675,-1
2026-02-09,693.95,689.62,695.87,688.34,693.95,0.0048101669,0.010903246,2.7314278e+08,1.5341073e+10,-1.506793e+10,0.75407827,3512,7393091,1,693.75554,700,685,1
2026-02-10,692.12,694.92,696.54,691.66,692.12,-0.0026405608,0.0070322069,-5.0143764e+09,1.3734894e+10,-1.874927e+10,0.75536469,3445,7586544,1,695.76787,700,685,-1
2026-02-11,691.96,696.47,697.14,689.18,691.96,-0.00023120051,0.011500896,-5.4334918e+09,1.3164004e+10,-1.8597496e+10,0.75223838,3418,7359278,1,695.99513,700,685,-1
2026-02-12,681.27,694.35,695.35,680.37,681.27,-0.015569447,0.02164865,-1.3615148e+10,8.0190952e+09,-2.1634244e+10,0.72950313,3393,7608062,1,693.74681,700,675,-1
2026-02-13,681.75,681.75,686.28,677.52,681.75,0.00070431838,0.012858338,-1.00254e+10,8.6298132e+09,-1.8655213e+10,0.69031278,3524,7319166,0.99999604,693.73647,700,675,-1
2026-02-17,682.85,680.09,684.94,675.78,682.85,0.0016121944,0.01343601,-8.9453159e+09,9.6822936e+09,-1.8627609e+10,0.68525216,3499,7297561,0.99997849,693.11907,700,675,-1
2026-02-18,686.29,684.09,689.15,682.83,686.29,0.0050250628,0.0092553269,-5.4837282e+09,1.3251065e+10,-1.8734793e+10,0.82664414,3618,8457395,0.99719985,690.93908,700,675,-1
2026-02-19,684.48,683.9,686.18,681.5475,684.48,-0.002640853,0.0067500619,-7.5096824e+09,1.2200911e+10,-1.9710593e+10,0.82223573,3616,8375300,1,689.67146,700,675,-1
2026-02-20,689.43,682.33,690.06,681.73,689.43,0.0072057433,0.012169822,-3.3114293e+09,1.1749401e+10,-1.506083e+10,0.78185856,3547,7220658,1,692.84152,700,675,-1
2026-02-23,682.39,687.78,690,680.371,682.39,-0.010263827,0.01396661,-9.9423791e+09,8.9467474e+09,-1.8889126e+10,0.7813969,3499,7547063,1,693.45567,700,675,-1
2026-02-24,687.35,681.96,688.35,680,687.35,0.007242282,0.012236404,-5.34829e+09,1.2338897e+10,-1.7687187e+10,0.78450616,3541,7936779,0.99997556,692.72086,700,675,-1
2026-02-25,693.15,690.21,693.68,690.1,693.15,0.0084028021,0.0052084091,-8.2807346e+08,1.5505367e+10,-1.633344e+10,0.80090142,3565,8090406,1,693.77728,700,675,-1
2026-02-26,689.3,693.3,693.3,684.35,689.3,-0.0055698361,0.012912068,-8.9524785e+09,1.2590117e+10,-2.1542595e+10,0.80589511,3474,8070910,0.99940614,694.72297,700,690,-1
2026-02-27,685.99,682.94,686.86,681.64,685.99,-0.0048135395,0.0075729,-7.132141e+09,9.8710963e+09,-1.7003237e+10,0.74379588,3402,7438506,0.99997311,694.14613,700,675,-1
2026-03-02,686.38,678.62,688.62,678.02,686.38,0.00056835986,0.01545212,-6.2566891e+09,1.0690393e+10,-1.6947082e+10,0.79275614,3715,7786324,0.99997149,692.68966,700,675,-1
2026-03-03,680.33,674.95,682.61,669.66,680.33,-0.0088534356,0.0188671,-1.0294311e+10,8.7752713e+09,-1.9069583e+10,0.79487987,3743,8021828,0.99996098,694.14913,700,675,-1
2026-03-04,685.13,681.58,687.09,679.62,685.13,0.0070306267,0.010979966,-6.0521969e+09,1.2791026e+10,-1.8843223e+10,0.80328979,3816,8389525,1,691.22295,700,675,-1
2026-03-05,681.31,682.13,685.53,675.61,681.31,-0.0055911858,0.014479004,-1.012393e+10,1.1163269e+10,-2.1287198e+10,0.80450602,3756,8566968,0.99981826,692.24451,700,680,-1
2026-03-06,672.38,673.47,676.11,669.76,672.38,-0.013193759,0.00932028,-1.0020476e+10,7.9104066e+09,-1.7930883e+10,0.74431042,3923,8774020,0.9999984,691.94203,700,660,-1
2026-03-09,678.27,666.3,679.92,662.39,678.27,0.0087217819,0.026071567,-7.269198e+09,1.0844777e+10,-1.8113975e+10,0.7523006,3828,8917491,0.99784278,688.89741,700,660,-1
2026-03-10,677.18,677.74,683.36,674.76,677.18,-0.0016083223,0.012679316,-9.2328982e+09,1.077147e+10,-2.0004368e+10,0.75410711,3807,9122003,1,688.62763,700,660,-1
2026-03-11,676.33,677.63,680.08,673.34,676.33,-0.0012559938,0.0099530406,-1.0861043e+10,1.0713823e+10,-2.1574866e+10,0.76760045,3939,9287648,0.99951602,688.3911,700,660,-1
2026-03-12,666.06,671.18,671.65,665.9027,666.06,-0.015301366,0.0084977748,-1.6041266e+10,7.6404246e+09,-2.368169e+10,0.76144484,4113,9737531,1,688.55215,700,660,-1
2026-03-13,662.29,669.21,672.335,661.36,662.29,-0.0056762301,0.016477495,-1.3239345e+10,6.8313759e+09,-2.0070721e+10,0.7197749,3992,9447416,0.99810382,686.53663,700,660,-1
2026-03-16,669.03,668.45,672.07,667.12,669.03,0.010125376,0.0074740673,-1.1536204e+10,9.5724377e+09,-2.1108641e+10,0.72714071,4109,9295373,0.99999656,683.4733,700,660,-1
2026-03-17,670.79,672.38,674.44,669.7,670.79,0.0026272201,0.0070848841,-1.1631695e+10,1.0695057e+10,-2.2326752e+10,0.72866222,4048,9644081,0.99875343,682.29493,700,660,-1
2026-03-18,661.43,668.29,669.72,661.19,661.43,-0.014051964,0.012716349,-1.7086067e+10,7.2088859e+09,-2.4294952e+10,0.84518857,3793,9952846,0.99976459,680.73333,700,660,-1
2026-03-19,659.8,657,662.98,655.17,659.8,-0.0024673991,0.01180775,-1.9330422e+10,8.1524858e+09,-2.7482908e+10,0.8543099,4123,10085519,0.9999997,678.58975,700,660,-1
2026-03-20,648.57,656.43,656.69,644.72,648.57,-0.017166819,0.018141861,-1.0804547e+10,4.8249782e+09,-1.5629525e+10,0.75246763,3256,7558890,1,675.19356,700,645,-1
2026-03-23,655.38,658.09,662.615,653.94,655.38,0.010445281,0.01337558,-9.5622759e+09,7.7823335e+09,-1.7344609e+10,0.77119864,3498,8582197,1,676.10938,679,640,-1
2026-03-24,653.18,651.35,657.03,649.88,653.18,-0.0033624779,0.010909701,-1.1372546e+10,6.8819594e+09,-1.8254506e+10,0.76400949,3467,8590092,1,674.50829,700,640,-1
2026-03-25,656.82,658.74,660.89,654.24,656.82,0.0055572662,0.010180961,-1.0040532e+10,8.4737786e+09,-1.8514311e+10,0.77820084,3718,8800547,0.99997773,673.47544,700,640,-1
2026-03-26,645.09,652.04,654.85,644.82,645.09,-0.018020166,0.015270546,-1.4816212e+10,5.3823102e+09,-2.0198522e+10,0.77672295,3254,8472346,1,666.05252,700,640,-1
2026-03-27,634.09,642.58,642.66,633.105,634.09,-0.017198942,0.014811887,-1.4396553e+10,3.9384159e+09,-1.8334969e+10,0.75127361,3865,8851046,0.9999852,676.21804,700,640,-1
2026-03-30,631.97,640.01,640.37,629.28,631.97,-0.0033489755,0.017489631,-1.6198533e+10,4.6928692e+09,-2.0891403e+10,0.7667256,3820,8813506,0.99999603,673.45638,700,630,-1
2026-03-31,650.34,638.89,651.54,637.98,650.34,0.028653378,0.021456715,-7.9116486e+09,8.313162e+09,-1.6224811e+10,0.7677656,3483,8333833,0.999982,666.37102,647,630,-1
2026-04-01,655.24,653.74,658.52,653,655.24,0.0075062777,0.0084878679,-6.2582996e+09,9.8311765e+09,-1.6089476e+10,0.7771066,3527,8897997,1,665.52821,670,630,-1
2026-04-02,655.83,646.51,658.2,645.11,655.83,0.00090002828,0.019977413,-7.4436051e+09,8.5908521e+09,-1.6034457e+10,0.74542795,3721,8729862,0.99999244,669.68447,685,630,-1
2026-04-06,658.93,655.8,659.72,655.52,658.93,0.0047156983,0.0064040986,-5.9294674e+09,9.3355335e+09,-1.5265001e+10,0.73276809,3603,8668852,0.99979144,668.71552,675,640,-1
2026-04-07,659.22,656.67,659.61,651.06,659.22,0.00044001063,0.012975582,-7.4646328e+09,9.0930342e+09,-1.6557667e+10,0.73703749,3794,9114092,1,672.60845,675,640,-1
2026-04-08,676.01,676.47,677.08,671.46,676.01,0.025150551,0.0085252268,5.2093332e+09,1.5744837e+10,-1.0535503e+10,0.73080402,3697,9098649,0.99845043,668.81761,680,640,1
2026-04-09,679.91,674.78,681.16,673.77,679.91,0.0057525676,0.010931791,6.9500303e+09,1.9291988e+10,-1.2341958e+10,0.75109408,3729,9413655,0.99910598,673.14543,685,660,1
2026-04-10,679.46,681.26,682.03,678.45,679.46,-0.00066207142,0.0052654028,2.1491843e+09,1.5741071e+10,-1.3591886e+10,0.71516861,3893,8862472,0.99895571,677.06284,685,660,1
2026-04-13,686.1,677.37,686.3,676.58,686.1,0.0097250247,0.014305478,3.6022024e+09,1.5361053e+10,-1.175885e+10,0.67881717,3830,8878048,1,681.67831,690,665,1
2026-04-14,694.46,687.66,694.58,687.66,694.46,0.012111175,0.010085993,7.3382161e+09,1.6901533e+10,-9.5633172e+09,0.66703833,3662,8912365,0.9920166,685.48315,700,650,1
2026-04-15,699.94,695.3,700.28,694.2,699.94,0.0078600519,0.0087550039,7.3684587e+09,1.7699932e+10,-1.0331474e+10,0.80891732,3710,8783872,0.99661004,691.07416,700,675,1
2026-04-16,701.66,701.13,702.78,698.53,701.66,0.0024543391,0.006071949,7.0971614e+09,1.8583525e+10,-1.1486363e+10,0.8183158,3747,8327328,0.99262344,694.03238,700,675,1
2026-04-17,710.14,706.16,712.39,705.76,710.14,0.012013177,0.0094490209,5.806812e+09,1.3907549e+10,-8.1007372e+09,0.75459608,3773,7288684,1,697.59024,710,650,1
2026-04-20,708.72,708.88,709.91,706.14,708.72,-0.0020016076,0.0053088123,1.7110484e+09,1.4290084e+10,-1.2579036e+10,0.77144881,3725,7887354,0.99879706,705.60975,710,700,1
2026-04-21,704.08,710.17,711.275,702.64,704.08,-0.00656854,0.012183937,-3.0157889e+09,1.2586197e+10,-1.5601986e+10,0.77487189,3684,7944153,1,708.42464,710,700,-1
2026-04-22,711.21,709.17,711.45,708.22,711.21,0.010075759,0.0045875469,2.8525173e+08,1.5306814e+10,-1.5021562e+10,0.79925367,3365,8369222,0.99192768,710.91991,710,701,1
2026-04-23,708.45,709.55,712.3598,702.2803,708.45,-0.0038882598,0.014172326,-3.4362413e+09,1.4595055e+10,-1.8031296e+10,0.79824504,3335,8547722,0.99517755,711.59191,710,700,-1
2026-04-24,713.94,710.81,714.47,709.01,713.94,0.0077194402,0.0077069659,1.0557941e+09,1.3716093e+10,-1.2660299e+10,0.74832646,3317,8203895,0.98921464,712.29133,720,699,1
2026-04-27,715.17,713.13,715.63,712.295,715.17,0.0017213515,0.0046712609,1.4726908e+09,1.4303366e+10,-1.2830675e+10,0.74483656,3341,8068710,0.98990904,713.21832,725,699,1
2026-04-28,711.69,711.75,712.88,709.25,711.69,-0.0048778533,0.0050757163,-2.1591442e+09,1.3862706e+10,-1.602185e+10,0.74691231,3433,8249403,0.99999927,714.43681,715,700,-1
2026-04-29,711.58,710.91,712.2,708.37,711.58,-0.00015457362,0.0053815566,1.0916128e+09,1.5559873e+10,-1.4468261e+10,0.80350157,3102,7939017,0.99163435,710.14874,715,700,1
2026-04-30,718.66,714.71,719.79,710.445,718.66,0.0099005172,0.013132747,3.2047962e+09,1.4899578e+10,-1.1694782e+10,0.7772426,3595,7902398,0.99999861,714.55964,720,700,1
2026-05-01,720.65,721.23,724.87,720.47,720.65,0.0027652156,0.0061225058,1.7743243e+09,1.3364978e+10,-1.1590654e+10,0.74252306,3438,7545475,0.99696785,717.97942,725,700,1
2026-05-04,718.01,720.09,722.12,714.99,718.01,-0.003670086,0.0098938458,-9.8897898e+08,1.3822742e+10,-1.4811721e+10,0.74630709,3807,8251839,0.9972388,719.34023,725,700,-1
2026-05-05,723.77,721.74,725.04,721.4898,723.77,0.0079901658,0.0049444994,2.6211836e+09,1.5248692e+10,-1.2627508e+10,0.73829351,3876,8361390,1,720.43043,725,700,1
2026-05-06,733.83,728.15,734.59,727.82,733.83,0.013803732,0.0093538002,5.8797344e+09,1.4954853e+10,-9.0751182e+09,0.71365444,3880,8393047,1,724.2948,735,700,1
2026-05-07,731.58,735.13,736.13,729.75,731.58,-0.0030708154,0.0086941117,1.8034875e+09,1.5845745e+10,-1.4042257e+10,0.74193588,3894,8509835,1,729.03865,740,700,1
2026-05-08,737.62,734.89,738.08,734.57,737.62,0.008222208,0.0047978348,3.7464081e+09,1.411786e+10,-1.0371452e+10,0.68843964,3803,8117193,0.99835781,731.11321,740,700,1
2026-05-11,739.3,736.58,740.79,736.45,739.3,0.0022750057,0.0058837884,2.1185031e+09,1.3578247e+10,-1.1459744e+10,0.68864935,3638,8194419,0.97794609,735.90954,740,700,1
2026-05-12,738.18,736.93,738.84,731.83,738.18,-0.0015160953,0.0094819424,1.1490187e+08,1.3968068e+10,-1.3853167e+10,0.69895119,3554,8004167,0.99608804,738.03233,740,700,1
2026-05-13,742.31,738.37,743.91,735.47,742.31,0.0055792484,0.011433526,4.3728166e+09,1.6125403e+10,-1.1752586e+10,0.71750157,3888,8376297,1,736.62767,745,700,1
2026-05-14,748.17,743.62,749.53,743.56,748.17,0.0078632792,0.008042462,5.8390455e+09,1.5437392e+10,-9.5983461e+09,0.68821175,3865,7841125,0.9999986,739.98993,750,700,1
2026-05-15,739.17,741.81,743.46,737.96,739.17,-0.01210229,0.0073512704,-2.3769004e+09,1.0889349e+10,-1.326625e+10,0.62145146,3566,6886779,0.99282901,743.65985,745,730,-1
2026-05-18,738.65,739.76,741.415,733.39,738.65,-0.00070373932,0.010856772,-2.5163946e+09,1.1668175e+10,-1.418457e+10,0.61622625,3697,7179861,0.9955027,742.60096,745,730,-1
2026-05-19,733.73,734.91,737.65,731.53,733.73,-0.0066830822,0.0082853855,-5.7674504e+09,1.1227767e+10,-1.6995217e+10,0.84191983,3913,7538861,0.99985794,741.70389,740,730,-1
2026-05-20,741.25,735.68,741.87,733.89,741.25,0.010196837,0.010875935,2.7002511e+08,1.4182102e+10,-1.3912077e+10,0.84115289,3772,7604951,0.99986377,740.88969,745,730,1
2026-05-21,742.72,738.69,744.87,737.03,742.72,0.0019811728,0.010576728,1.4187361e+09,1.6395814e+10,-1.4977078e+10,0.79791181,3891,8463860,1,741.33771,745,730,1
2026-05-22,745.64,746.14,748.94,744.48,745.64,0.0039237869,0.0060049548,1.4275707e+09,1.4098462e+10,-1.2670892e+10,0.75783203,3902,8170008,0.99995447,743.49199,750,730,1
2026-05-26,750.59,750,752.13,748.37,750.59,0.0066166539,0.0050426479,3.5236323e+09,1.4953428e+10,-1.1429795e+10,0.75122959,3813,7902677,0.9926411,745.49832,755,730,1
2026-05-27,750.46,750.82,751.38,748.22,750.46,-0.00017321209,0.0042100214,3.5690815e+09,1.5985359e+10,-1.2416278e+10,0.75794428,3932,7942974,1,746.41612,755,700,1
2026-05-28,754.6,750.21,755.15,749.23,754.6,0.0055014557,0.0078884951,4.6148856e+09,1.6760065e+10,-1.2145179e+10,0.76017374,4105,8036340,1,749.9753,755,730,1
2026-05-29,756.48,755.94,758.08,754.69,756.48,0.0024882878,0.0044924463,2.4412771e+09,1.405537e+10,-1.1614093e+10,0.70512767,3987,7159495,0.99951142,752.70442,760,730,1
2026-06-01,758.54,755.28,760.28,754.69,758.54,0.0027194377,0.0073894882,2.9925198e+09,1.4647717e+10,-1.1655197e+10,0.74771708,4224,7434875,0.99968594,754.44953,760,740,1
2026-06-02,759.57,757.16,760.4,756.75,759.57,0.0013569506,0.0048118754,3.3259212e+09,1.613066e+10,-1.2804739e+10,0.73353344,4386,8052945,0.9999173,755.75161,760,740,1
2026-06-03,754.24,758.24,758.8,753.57,754.24,-0.0070418639,0.0068854747,-1.5371347e+09,1.5182987e+10,-1.6720122e+10,0.74166372,4018,7952365,1,756.11665,760,740,-1
2026-06-04,757.09,752.12,758.31,751.47,757.09,0.003771517,0.0090687314,2.3371472e+09,1.8069522e+10,-1.5732374e+10,0.74884607,4076,8195018,0.9956033,755.2524,760,740,1
2026-06-05,737.55,752.38,752.82,735.525,737.55,-0.026148254,0.022844048,-6.1678725e+09,1.0165287e+10,-1.6333159e+10,0.66253313,4122,8262677,0.98826276,751.18176,800,700,-1
2026-06-08,739.22,743.26,745.34,738.19,739.22,0.0022616937,0.009694258,-7.8552725e+09,1.2579406e+10,-2.0434678e+10,0.70688622,4512,9227130,0.99995351,748.93291,755,735,-1
2026-06-09,737.05,743.62,746.9,722.59,737.05,-0.0029398437,0.032886015,-8.9101687e+09,1.228878e+10,-2.1198949e+10,0.70654051,4286,9448447,0.99571919,748.2105,755,735,-1
2026-06-10,725.43,733.33,738.38,725.33,725.43,-0.01589115,0.017705719,-1.1360926e+10,1.0171531e+10,-2.1532458e+10,0.69542943,4435,9629130,0.99799078,745.99348,800,720,-1
2026-06-11,737.76,728.82,740,724.405,737.76,0.016853986,0.021497595,-5.2831085e+09,1.464885e+10,-1.9931958e+10,0.70997672,4643,9509230,1,744.21077,750,720,-1
2026-06-12,741.75,740.89,744.44,735.03,741.75,0.0053936907,0.012754825,-3.6395037e+09,1.4444667e+10,-1.808417e+10,0.67205808,4626,9139050,0.99997538,746.82065,750,730,-1
2026-06-15,754.83,751.76,756.68,751.76,754.83,0.017480299,0.0066329626,4.1957154e+09,1.6886723e+10,-1.2691008e+10,0.63755267,4276,8472724,0.98471613,748.9084,750,735,1
2026-06-16,750.33,754.44,755.44,749.88,750.33,-0.0059794486,0.007365897,4.3631508e+08,1.6857331e+10,-1.6421016e+10,0.65285726,4284,8567384,0.99589478,749.85233,755,730,1
2026-06-17,740.96,751.24,752.15,739.22,740.96,-0.012566467,0.017232418,-6.2300657e+09,1.3907121e+10,-2.0137187e+10,0.7903132,4554,9655357,0.99245134,747.97585,800,730,-1
2026-06-18,746.74,747.86,748.23,743.86,746.74,0.0077704229,0.0058977543,-3.3984887e+09,1.1655131e+10,-1.505362e+10,0.70661339,4133,7434843,1,751.64424,755,735,-1
2026-06-22,744.39,747.75,750.18,743.13,744.39,-0.0031519746,0.009441037,-5.734028e+09,1.1155495e+10,-1.6889523e+10,0.70480737,4117,7687751,1,751.32969,800,735,-1
2026-06-23,733.58,733.66,739.63,732.3,733.58,-0.014628433,0.0098469888,-1.04155e+10,8.5675478e+09,-1.8983048e+10,0.6900734,3794,7786283,1,749.43528,800,735,-1
2026-06-24,733.24,735.2,739.945,730.84,733.24,-0.00046358791,0.012411734,-1.1610602e+10,9.2349595e+09,-2.0845562e+10,0.71446716,3688,7722732,1,746.38026,760,735,-1
2026-06-25,734.3,738.99,739.37,729.6,734.3,0.0014445946,0.013324423,-1.0673191e+10,1.0529867e+10,-2.1203058e+10,0.72977785,3929,7970230,1,748.11907,800,735,-1
2026-06-26,728.99,728.87,736.53,716.58,728.99,-0.00725765,0.027168732,-1.0757284e+10,8.4021341e+09,-1.9159418e+10,0.67730225,3716,7365056,1,742.36554,750,720,-1
2026-06-29,741,736.53,741.56,732.09,741,0.016340611,0.012990576,-4.3387722e+09,1.3600518e+10,-1.793929e+10,0.7108305,4112,7679909,0.99903723,745.42986,750,740,-1
2026-06-30,746.77,741.22,748.02,740.89,746.77,0.0077566142,0.0096221323,9.3531632e+08,1.5421542e+10,-1.4486226e+10,0.6861412,3888,7236091,0.99990451,745.74507,750,735,1
2026-07-01,745.76,745,749.435,742.375,745.76,-0.0013534068,0.0094540488,-1.0227496e+09,1.5259444e+10,-1.6282194e+10,0.75466068,3794,7513384,0.99887614,746.76819,750,735,-1
2026-07-02,744.78,747.22,751.31,740.03,744.78,-0.0013149599,0.01512551,-2.5000627e+09,1.3636837e+10,-1.61369e+10,0.71907136,4054,7412357,0.99924477,747.73929,760,740,-1
2026-07-06,751.28,748.59,752.41,747.41,751.28,0.0086895457,0.0067133919,1.2466749e+09,1.6435368e+10,-1.5188693e+10,0.72968174,4126,7296032,1,750.10089,760,740,1
2026-07-07,747.71,750.16,750.96,745.21,747.71,-0.0047632162,0.0076536045,-2.4608553e+09,1.6153913e+10,-1.8614768e+10,0.72936837,4216,7896504,0.99980523,749.96002,760,740,-1
2026-07-08,745.4,743.21,746.15,739.51,745.4,-0.0030942152,0.0088804483,-3.7129764e+09,1.628249e+10,-1.9995467e+10,0.7406834,4086,8065771,0.99835949,748.40142,760,740,-1
2026-07-09,751.71,747.26,751.97,745.59,751.71,0.0084296242,0.0085591629,3.5361382e+09,2.0620469e+10,-1.7084331e+10,0.74729985,4120,7801193,0.99965121,749.12027,760,740,1
2026-07-10,754.95,752.12,755.42,748.1,754.95,0.0043009106,0.0097377978,4.2171644e+09,1.933482e+10,-1.5117656e+10,0.71665571,4157,7734818,0.99984977,751.70214,760,740,1
2026-07-13,749.17,752.54,753.9105,748,749.17,-0.0076855948,0.0078289953,-3.3792065e+09,1.6437015e+10,-1.9816221e+10,0.71893034,4327,8132706,0.99890516,752.17574,760,740,-1
2026-07-14,751.83,750.85,753.34,748.66,751.83,0.0035443075,0.0062469133,-3.684477e+08,2.005708e+10,-2.0425528e+10,0.73816076,4255,8072499,0.99998018,752.03611,760,740,-1
2026-07-15,754.81,754.26,755.58,750.2,754.81,0.0039558274,0.007155873,2.3386847e+09,2.052065e+10,-1.8181965e+10,0.72684042,4005,7750138,0.99696651,753.27785,760,740,1
2026-07-16,750.72,752.85,754.57,747.88,750.72,-0.0054333159,0.0088631576,-3.1573612e+09,1.9575354e+10,-2.2732716e+10,0.73388916,4089,7907035,0.999021,752.5929,755,740,-1
2026-07-17,743.29,742,747.29,740.8,743.29,-0.0099464679,0.0086450341,-8.1887386e+09,9.8817913e+09,-1.807053e+10,0.58741072,4055,6951986,0.99766441,752.85588,760,740,-1
2026-07-20,742.09,747,748.73,741.5103,742.09,-0.0016157485,0.0097131671,-1.006158e+10,1.0735934e+10,-2.0797514e+10,0.60692534,4198,7437796,0.99999113,751.67219,760,740,-1
2026-07-21,748.28,746.27,749.04,744.18,748.28,0.0083067099,0.0065490709,-4.0581353e+09,1.5730707e+10,-1.9788842e+10,0.63369906,4131,7554267,0.99997392,751.50824,755,740,-1
2026-07-22,747.41,746.86,750.02,746.37,747.41,-0.0011633428,0.0048778532,-7.7445253e+09,1.3995349e+10,-2.1739874e+10,0.79013491,3994,7607011,1,752.49596,755,740,-1
2026-07-23,738.18,739.25,742.56,735.21,738.18,-0.012426199,0.0098339599,-1.4568367e+10,9.7019956e+09,-2.4270362e+10,0.76138412,3942,7696887,1,750.10498,760,740,-1
2026-07-24,738.93,738.47,743.72,737.29,738.93,0.0010154966,0.0087106126,-1.0621419e+10,1.0757644e+10,-2.1379063e+10,0.73566748,4131,7849729,0.99770361,752.32217,760,740,-1
2026-07-27,739.09,745,745.53,735.87,739.09,0.00021650587,0.013072957,-1.1033306e+10,1.1404651e+10,-2.2437957e+10,0.73903897,4296,8052049,0.99999876,750.92453,760,740,-1
2026-07-28,740.86,739.09,742.7901,735.98,740.86,0.0023919738,0.0092141688,-1.0175325e+10,1.27219e+10,-2.2897226e+10,0.74364532,4189,8193549,0.99999158,751.26273,760,740,-1
2026-07-29,729.46,739.97,742.68,729.1,729.46,-0.015507139,0.018330049,-1.6595055e+10,7.9617923e+09,-2.4556848e+10,0.73761775,4126,8169299,0.99998445,750.91927,760,720,-1
2026-07-30,741.69,736.12,742.45,734.59,741.69,0.016626832,0.010775094,-1.0751748e+10,1.3546689e+10,-2.4298437e+10,0.75784256,4041,8099365,1,747.9536,760,743,-1
2026-07-31,747.03,744.73,748.895,737.68,747.03,0.0071739789,0.015120873,-1.5738638e+09,1.4416812e+10,-1.5990675e+10,0.68690109,4096,7439472,0.99937065,748.97416,760,730,-1
2026-08-03,757.67,749.4,758.58,748.8,757.67,0.01414259,0.013091844,5.8798231e+09,1.8193348e+10,-1.2313525e+10,0.7317584,4579,7987348,1,750.1944,760,735,1
2026-08-04,771.33,760.53,773.41,760.52,771.33,0.017868363,0.017012684,6.685394e+09,1.7386672e+10,-1.0701278e+10,0.7086665,4702,8660210,1,760.50196,775,720,1
2026-08-05,769.79,775.89,776.85,769.51,769.79,-0.0019985472,0.0095160308,4.3906832e+09,2.0841574e+10,-1.645089e+10,0.77738827,4801,9148312,1,764.62045,775,762,1
2026-08-06,768.56,770.16,771.82,767.46,768.56,-0.0015991163,0.0056638824,3.4438775e+09,2.1842598e+10,-1.8398721e+10,0.77906155,4799,9126537,0.99994149,765.43718,775,762,1
2026-08-07,773.26,771.06,773.915,769.61,773.26,0.0060967098,0.0056013844,7.3229836e+09,2.0263818e+10,-1.2940835e+10,0.72367655,4695,8394918,0.99548739,764.92348,775,755,1
2026-08-10,773.03,772.61,775.05,771.62,773.03,-0.00029748624,0.0044357655,1.0044231e+10,2.4531528e+10,-1.4487297e+10,0.75679813,4808,8758780,0.99901573,764.7065,780,735,1
2026-08-11,770.56,774.61,774.61,769.2,770.56,-0.0032003344,0.0069984347,4.1816842e+09,2.3168145e+10,-1.8986461e+10,0.76186442,4837,9113703,0.99934242,767.4025,780,770,1
2026-08-12,772.49,774.8,774.9,771.28,772.49,0.0025015405,0.0046978821,7.6738905e+09,2.5786141e+10,-1.8112251e+10,0.76967891,4743,9066186,1,768.39751,780,770,1
2026-08-13,777.88,774.93,779.37,774.111,777.88,0.0069532069,0.0068078551,1.9491818e+10,3.307737e+10,-1.3585553e+10,0.78244758,4661,8727342,0.99831037,769.14205,780,765,1
2026-08-14,776.34,778.58,778.8,775.4301,776.34,-0.0019817021,0.0043321592,4.9547248e+09,2.0092936e+10,-1.5138211e+10,0.6987769,4556,8147186,0.97728099,772.24154,780,765,1
2026-08-17,772.67,776.27,776.775,772.51,772.67,-0.0047385193,0.005493727,7.3402183e+08,1.9604888e+10,-1.8870866e+10,0.71066649,4763,8583797,0.9986026,772.07921,780,765,1
2026-08-18,767.45,768.73,769.5,766.92,767.45,-0.0067787185,0.003339071,-6.1113708e+09,1.654138e+10,-2.265275e+10,0.69879111,4716,8890861,0.99962175,771.84629,775,765,-1
2026-08-19,769.06,770.3,772.47,768.1,769.06,0.0020956591,0.005694182,-3.5742346e+09,1.9405604e+10,-2.2979838e+10,0.87068379,4559,8827140,0.99900591,770.98308,775,765,-1
2026-08-20,762.6,766.04,768.15,762.04,762.6,-0.0084353424,0.0079447637,-1.1438222e+10,1.5434847e+10,-2.6873069e+10,0.82346867,4658,9585648,0.99907946,770.11191,780,765,-1
2026-08-21,765.72,766.04,767.85,764.17,765.72,0.0040829202,0.0048255966,-5.8377442e+09,1.3649055e+10,-1.9486799e+10,0.76714135,4332,8254187,0.99674299,771.05201,780,765,-1
2026-08-24,763.47,764.8,765.22,762.08,763.47,-0.0029427365,0.0041007157,-8.447637e+09,1.2705243e+10,-2.115288e+10,0.76461395,4335,8366921,1,771.16629,780,765,-1
2026-08-25,765.91,766.18,766.78,763.0501,765.91,0.0031908382,0.0048854572,-6.1155014e+09,1.457651e+10,-2.0692012e+10,0.76275701,4272,8534971,0.99966397,771.21605,780,760,-1
2026-08-26,766.08,764.76,767.35,763.93,766.08,0.00022193356,0.0044652766,-4.3688746e+09,1.455908e+10,-1.8927955e+10,0.75040957,4076,8537945,1,770.2102,780,760,-1
2026-08-27,771.1,768.46,772.355,767.16,771.1,0.0065314639,0.0067812761,1.2708676e+09,1.7745524e+10,-1.6474657e+10,0.74281981,3705,8233980,0.99734576,769.97932,780,760,1
2026-08-28,769.35,771.84,775.3,768.3076,769.35,-0.0022720643,0.0090680846,-3.1389885e+09,1.5131791e+10,-1.827078e+10,0.72702619,3827,7962302,0.99749896,772.03462,780,760,-1
2026-08-31,767.05,767.27,767.995,764.715,767.05,-0.0029940142,0.0042633392,-5.0330764e+09,1.3794228e+10,-1.8827305e+10,0.76497344,3963,7817707,1,771.5186,780,765,-1
2026-09-01,761.78,762.03,764.67,759.48,761.78,-0.0068941882,0.0067661821,-8.7129588e+09,1.2201808e+10,-2.0914767e+10,0.75208024,3932,8193083,0.99949616,771.14342,780,765,-1
2026-09-02,765.16,762.46,766.43,761.73,765.16,0.0044271622,0.0061697603,-4.9853351e+09,1.5752579e+10,-2.0737914e+10,0.75996201,3947,8200965,1,769.66139,780,760,-1
2026-09-03,773.17,768,774.03,767.45,773.17,0.010413985,0.0085995086,2.973191e+09,1.8986852e+10,-1.6013661e+10,0.74895106,3752,8363139,0.99424558,770.94316,775,760,1
2026-09-04,770.19,772.09,772.87,769,770.19,-0.0038617091,0.0050053675,-1.9525597e+09,1.5793322e+10,-1.7745881e+10,0.7097507,3510,8318777,0.97875721,772.19372,780,760,-1
2026-09-08,765.96,769.08,769.7,765.14,765.96,-0.0055072886,0.005920617,-6.793623e+09,1.4433187e+10,-2.122681e+10,0.71587766,3718,8626234,0.9968619,771.98623,780,760,-1
2026-09-09,762.4,764.08,764.47,760.94,762.4,-0.0046585967,0.0046085957,-1.0060557e+10,1.3382918e+10,-2.3443476e+10,0.72023061,3808,8986382,0.99996929,770.55735,775,760,-1
2026-09-10,757.83,758.01,760.11,756.64,757.83,-0.0060122663,0.0045514166,-1.3261968e+10,1.1863365e+10,-2.5125333e+10,0.71752801,3757,9118748,1,768.93591,775,760,-1
2026-09-11,764.29,764.69,766.38,763.6,764.29,0.0084882122,0.0036683689,-5.9061932e+09,1.5064225e+10,-2.0970418e+10,0.69660049,4185,8994746,0.99770888,769.95653,775,750,-1
2026-09-14,760.88,759.14,763.52,757.93,760.88,-0.0044716401,0.0073139777,-1.3019173e+10,1.3189235e+10,-2.6208408e+10,0.7069811,4096,9317938,0.99712211,771.00634,775,760,-1
